Date,Year,Month,Month_Label,Quarter,Region,Country,Product_Line,Product_Category,Sales_Rep_Count,Revenue_Budget,Revenue_Actual,Revenue_Variance,Revenue_Variance_Pct,Cost_Budget,Cost_Actual,Cost_Variance,Cost_Variance_Pct,Gross_Profit_Budget,Gross_Profit_Actual,Gross_Profit_Variance,Gross_Margin_Budget_Pct,Gross_Margin_Actual_Pct,Headcount,New_Customers,Lost_Customers,Currency,RAG_Status
2023-01-01,2023,1,Jan 2023,Q1,North America,United States,Cloud Solutions,SaaS Platform,3,748000.0,753694.97,5694.97,0.76,388960.0,377315.01,-11644.99,-2.99,359040.0,376379.96,17339.96,48.0,49.94,8,11,5,USD,Amber
2023-01-01,2023,1,Jan 2023,Q1,North America,United States,Data & Analytics,AI Analytics,3,545600.0,580341.3,34741.3,6.37,316448.0,323332.34,6884.34,2.18,229152.0,257008.96,27856.96,42.0,44.29,4,4,1,USD,Green
2023-01-01,2023,1,Jan 2023,Q1,North America,United States,Professional Services,Training,12,323000.0,306291.84,-16708.16,-5.17,209950.0,203503.76,-6446.24,-3.07,113050.0,102788.08,-10261.92,35.0,33.56,26,12,4,USD,Red
2023-01-01,2023,1,Jan 2023,Q1,North America,United States,Hardware,Networking Equipment,4,261000.0,267467.72,6467.72,2.48,187920.0,197775.13,9855.13,5.24,73080.0,69692.59,-3387.41,28.0,26.06,4,12,3,USD,Amber
2023-01-01,2023,1,Jan 2023,Q1,Europe,France,Cloud Solutions,Cloud Storage,3,545600.0,597046.7,51446.7,9.43,283712.0,307324.78,23612.78,8.32,261888.0,289721.92,27833.92,48.0,48.53,14,2,3,USD,Green
2023-01-01,2023,1,Jan 2023,Q1,Europe,France,Data & Analytics,BI Tools,2,422400.0,411906.21,-10493.79,-2.48,244992.0,251961.61,6969.61,2.84,177408.0,159944.6,-17463.4,42.0,38.83,12,12,3,USD,Amber
2023-01-01,2023,1,Jan 2023,Q1,Europe,France,Professional Services,Training,10,263500.0,291433.08,27933.08,10.6,171275.0,182213.58,10938.58,6.39,92225.0,109219.5,16994.5,35.0,37.48,6,5,5,USD,Green
2023-01-01,2023,1,Jan 2023,Q1,Europe,France,Hardware,Networking Equipment,12,189000.0,175231.9,-13768.1,-7.28,136080.0,132109.48,-3970.52,-2.92,52920.0,43122.42,-9797.58,28.0,24.61,5,4,2,USD,Red
2023-01-01,2023,1,Jan 2023,Q1,Asia Pacific,Japan,Cloud Solutions,SaaS Platform,12,422400.0,443188.12,20788.12,4.92,219648.0,213255.84,-6392.16,-2.91,202752.0,229932.28,27180.28,48.0,51.88,18,14,2,USD,Green
2023-01-01,2023,1,Jan 2023,Q1,Asia Pacific,Japan,Data & Analytics,BI Tools,12,308000.0,302394.99,-5605.01,-1.82,178640.0,182207.99,3567.99,2.0,129360.0,120187.0,-9173.0,42.0,39.75,12,11,0,USD,Amber
2023-01-01,2023,1,Jan 2023,Q1,Asia Pacific,Japan,Professional Services,Training,4,187000.0,179697.43,-7302.57,-3.91,121550.0,117042.74,-4507.26,-3.71,65450.0,62654.69,-2795.31,35.0,34.87,11,8,3,USD,Red
2023-01-01,2023,1,Jan 2023,Q1,Asia Pacific,Japan,Hardware,Networking Equipment,5,162000.0,177484.07,15484.07,9.56,116640.0,116201.31,-438.69,-0.38,45360.0,61282.76,15922.76,28.0,34.53,21,11,2,USD,Green
2023-01-01,2023,1,Jan 2023,Q1,Middle East & Africa,UAE,Cloud Solutions,SaaS Platform,6,246400.0,260520.04,14120.04,5.73,128128.0,119787.47,-8340.53,-6.51,118272.0,140732.57,22460.57,48.0,54.02,16,2,1,USD,Green
2023-01-01,2023,1,Jan 2023,Q1,Middle East & Africa,UAE,Data & Analytics,AI Analytics,9,167200.0,175091.52,7891.52,4.72,96976.0,94612.1,-2363.9,-2.44,70224.0,80479.42,10255.42,42.0,45.96,24,7,5,USD,Green
2023-01-01,2023,1,Jan 2023,Q1,Middle East & Africa,UAE,Professional Services,Consulting,10,127500.0,131390.59,3890.59,3.05,82875.0,84296.53,1421.53,1.72,44625.0,47094.06,2469.06,35.0,35.84,27,9,2,USD,Green
2023-01-01,2023,1,Jan 2023,Q1,Middle East & Africa,UAE,Hardware,Networking Equipment,4,108000.0,114320.59,6320.59,5.85,77760.0,75879.29,-1880.71,-2.42,30240.0,38441.3,8201.3,28.0,33.63,11,9,3,USD,Green
2023-01-01,2023,1,Jan 2023,Q1,Latin America,Brazil,Cloud Solutions,SaaS Platform,12,193600.0,199836.24,6236.24,3.22,100672.0,98895.21,-1776.79,-1.76,92928.0,100941.03,8013.03,48.0,50.51,9,7,4,USD,Green
2023-01-01,2023,1,Jan 2023,Q1,Latin America,Brazil,Data & Analytics,BI Tools,10,140800.0,133688.51,-7111.49,-5.05,81664.0,84576.8,2912.8,3.57,59136.0,49111.71,-10024.29,42.0,36.74,18,5,4,USD,Red
2023-01-01,2023,1,Jan 2023,Q1,Latin America,Brazil,Professional Services,Implementation,6,110500.0,110217.79,-282.21,-0.26,71825.0,70541.62,-1283.38,-1.79,38675.0,39676.17,1001.17,35.0,36.0,21,13,5,USD,Amber
2023-01-01,2023,1,Jan 2023,Q1,Latin America,Brazil,Hardware,Networking Equipment,2,81000.0,85777.58,4777.58,5.9,58320.0,59927.03,1607.03,2.76,22680.0,25850.55,3170.55,28.0,30.14,18,12,5,USD,Green
2023-02-01,2023,2,Feb 2023,Q1,North America,Canada,Cloud Solutions,Cloud Security,12,765000.0,776753.17,11753.17,1.54,397800.0,378910.45,-18889.55,-4.75,367200.0,397842.72,30642.72,48.0,51.22,7,5,5,USD,Amber
2023-02-01,2023,2,Feb 2023,Q1,North America,Canada,Data & Analytics,AI Analytics,4,558000.0,548642.87,-9357.13,-1.68,323640.0,318924.55,-4715.45,-1.46,234360.0,229718.32,-4641.68,42.0,41.87,28,9,4,USD,Amber
2023-02-01,2023,2,Feb 2023,Q1,North America,Canada,Professional Services,Implementation,7,342000.0,326101.9,-15898.1,-4.65,222300.0,216302.4,-5997.6,-2.7,119700.0,109799.5,-9900.5,35.0,33.67,7,15,2,USD,Red
2023-02-01,2023,2,Feb 2023,Q1,North America,Canada,Hardware,Servers,3,266800.0,300153.5,33353.5,12.5,192096.0,197706.65,5610.65,2.92,74704.0,102446.85,27742.85,28.0,34.13,6,12,3,USD,Green
2023-02-01,2023,2,Feb 2023,Q1,Europe,Germany,Cloud Solutions,Cloud Security,10,558000.0,565323.34,7323.34,1.31,290160.0,284105.53,-6054.47,-2.09,267840.0,281217.81,13377.81,48.0,49.74,19,3,2,USD,Amber
2023-02-01,2023,2,Feb 2023,Q1,Europe,Germany,Data & Analytics,AI Analytics,10,432000.0,455232.88,23232.88,5.38,250560.0,243007.24,-7552.76,-3.01,181440.0,212225.64,30785.64,42.0,46.62,10,13,5,USD,Green
2023-02-01,2023,2,Feb 2023,Q1,Europe,Germany,Professional Services,Training,12,279000.0,286161.62,7161.62,2.57,181350.0,187327.01,5977.01,3.3,97650.0,98834.61,1184.61,35.0,34.54,25,6,3,USD,Amber
2023-02-01,2023,2,Feb 2023,Q1,Europe,Germany,Hardware,Networking Equipment,2,193200.0,201124.91,7924.91,4.1,139104.0,141839.67,2735.67,1.97,54096.0,59285.24,5189.24,28.0,29.48,14,10,4,USD,Green
2023-02-01,2023,2,Feb 2023,Q1,Asia Pacific,Japan,Cloud Solutions,Cloud Security,2,432000.0,438170.59,6170.59,1.43,224640.0,228028.19,3388.19,1.51,207360.0,210142.4,2782.4,48.0,47.96,24,4,0,USD,Amber
2023-02-01,2023,2,Feb 2023,Q1,Asia Pacific,Japan,Data & Analytics,BI Tools,6,315000.0,322755.99,7755.99,2.46,182700.0,180537.09,-2162.91,-1.18,132300.0,142218.9,9918.9,42.0,44.06,11,11,3,USD,Amber
2023-02-01,2023,2,Feb 2023,Q1,Asia Pacific,Japan,Professional Services,Implementation,11,198000.0,181510.58,-16489.42,-8.33,128700.0,126686.08,-2013.92,-1.56,69300.0,54824.5,-14475.5,35.0,30.2,22,8,1,USD,Red
2023-02-01,2023,2,Feb 2023,Q1,Asia Pacific,Japan,Hardware,Networking Equipment,12,165600.0,169538.64,3938.64,2.38,119232.0,116332.23,-2899.77,-2.43,46368.0,53206.41,6838.41,28.0,31.38,7,7,2,USD,Amber
2023-02-01,2023,2,Feb 2023,Q1,Middle East & Africa,South Africa,Cloud Solutions,Cloud Storage,12,252000.0,230606.93,-21393.07,-8.49,131040.0,132782.58,1742.58,1.33,120960.0,97824.35,-23135.65,48.0,42.42,25,11,0,USD,Red
2023-02-01,2023,2,Feb 2023,Q1,Middle East & Africa,South Africa,Data & Analytics,BI Tools,5,171000.0,165063.4,-5936.6,-3.47,99180.0,101254.63,2074.63,2.09,71820.0,63808.77,-8011.23,42.0,38.66,7,4,1,USD,Red
2023-02-01,2023,2,Feb 2023,Q1,Middle East & Africa,South Africa,Professional Services,Training,9,135000.0,128308.45,-6691.55,-4.96,87750.0,88915.9,1165.9,1.33,47250.0,39392.55,-7857.45,35.0,30.7,12,4,0,USD,Red
2023-02-01,2023,2,Feb 2023,Q1,Middle East & Africa,South Africa,Hardware,Networking Equipment,2,110400.0,116153.34,5753.34,5.21,79488.0,73640.13,-5847.87,-7.36,30912.0,42513.21,11601.21,28.0,36.6,7,11,4,USD,Green
2023-02-01,2023,2,Feb 2023,Q1,Latin America,Brazil,Cloud Solutions,SaaS Platform,8,198000.0,220640.79,22640.79,11.43,102960.0,99387.72,-3572.28,-3.47,95040.0,121253.07,26213.07,48.0,54.95,9,8,3,USD,Green
2023-02-01,2023,2,Feb 2023,Q1,Latin America,Brazil,Data & Analytics,BI Tools,8,144000.0,157736.41,13736.41,9.54,83520.0,78103.01,-5416.99,-6.49,60480.0,79633.4,19153.4,42.0,50.49,9,1,3,USD,Green
2023-02-01,2023,2,Feb 2023,Q1,Latin America,Brazil,Professional Services,Consulting,8,117000.0,129191.92,12191.92,10.42,76050.0,73673.53,-2376.47,-3.12,40950.0,55518.39,14568.39,35.0,42.97,13,12,5,USD,Green
2023-02-01,2023,2,Feb 2023,Q1,Latin America,Brazil,Hardware,Networking Equipment,11,82800.0,85975.32,3175.32,3.83,59616.0,61269.37,1653.37,2.77,23184.0,24705.95,1521.95,28.0,28.74,5,12,4,USD,Green
2023-03-01,2023,3,Mar 2023,Q1,North America,United States,Cloud Solutions,Cloud Security,10,892500.0,894741.78,2241.78,0.25,464100.0,469585.35,5485.35,1.18,428400.0,425156.43,-3243.57,48.0,47.52,19,15,4,USD,Amber
2023-03-01,2023,3,Mar 2023,Q1,North America,United States,Data & Analytics,BI Tools,3,651000.0,701081.46,50081.46,7.69,377580.0,383871.25,6291.25,1.67,273420.0,317210.21,43790.21,42.0,45.25,9,10,0,USD,Green
2023-03-01,2023,3,Mar 2023,Q1,North America,United States,Professional Services,Training,5,387600.0,406759.16,19159.16,4.94,251940.0,244118.31,-7821.69,-3.1,135660.0,162640.85,26980.85,35.0,39.98,22,10,4,USD,Green
2023-03-01,2023,3,Mar 2023,Q1,North America,United States,Hardware,Servers,11,290000.0,279628.86,-10371.14,-3.58,208800.0,202864.45,-5935.55,-2.84,81200.0,76764.41,-4435.59,28.0,27.45,22,9,2,USD,Red
2023-03-01,2023,3,Mar 2023,Q1,Europe,France,Cloud Solutions,SaaS Platform,8,651000.0,641116.03,-9883.97,-1.52,338520.0,328224.25,-10295.75,-3.04,312480.0,312891.78,411.78,48.0,48.8,12,3,5,USD,Amber
2023-03-01,2023,3,Mar 2023,Q1,Europe,France,Data & Analytics,AI Analytics,3,504000.0,500893.36,-3106.64,-0.62,292320.0,302015.42,9695.42,3.32,211680.0,198877.94,-12802.06,42.0,39.7,28,1,3,USD,Amber
2023-03-01,2023,3,Mar 2023,Q1,Europe,France,Professional Services,Training,10,316200.0,373116.0,56916.0,18.0,205530.0,205264.12,-265.88,-0.13,110670.0,167851.88,57181.88,35.0,44.99,6,4,4,USD,Green
2023-03-01,2023,3,Mar 2023,Q1,Europe,France,Hardware,Networking Equipment,5,210000.0,219959.57,9959.57,4.74,151200.0,155343.75,4143.75,2.74,58800.0,64615.82,5815.82,28.0,29.38,6,6,2,USD,Green
2023-03-01,2023,3,Mar 2023,Q1,Asia Pacific,Japan,Cloud Solutions,Cloud Storage,12,504000.0,532723.46,28723.46,5.7,262080.0,247943.96,-14136.04,-5.39,241920.0,284779.5,42859.5,48.0,53.46,23,9,0,USD,Green
2023-03-01,2023,3,Mar 2023,Q1,Asia Pacific,Japan,Data & Analytics,AI Analytics,3,367500.0,378787.09,11287.09,3.07,213150.0,206587.75,-6562.25,-3.08,154350.0,172199.34,17849.34,42.0,45.46,25,15,1,USD,Green
2023-03-01,2023,3,Mar 2023,Q1,Asia Pacific,Japan,Professional Services,Consulting,4,224400.0,231438.25,7038.25,3.14,145860.0,147701.54,1841.54,1.26,78540.0,83736.71,5196.71,35.0,36.18,21,5,2,USD,Green
2023-03-01,2023,3,Mar 2023,Q1,Asia Pacific,Japan,Hardware,Servers,6,180000.0,180327.24,327.24,0.18,129600.0,126174.22,-3425.78,-2.64,50400.0,54153.02,3753.02,28.0,30.03,24,9,3,USD,Amber
2023-03-01,2023,3,Mar 2023,Q1,Middle East & Africa,South Africa,Cloud Solutions,SaaS Platform,2,294000.0,312428.93,18428.93,6.27,152880.0,156397.37,3517.37,2.3,141120.0,156031.56,14911.56,48.0,49.94,12,1,2,USD,Green
2023-03-01,2023,3,Mar 2023,Q1,Middle East & Africa,South Africa,Data & Analytics,BI Tools,9,199500.0,195418.63,-4081.37,-2.05,115710.0,112972.55,-2737.45,-2.37,83790.0,82446.08,-1343.92,42.0,42.19,27,9,5,USD,Amber
2023-03-01,2023,3,Mar 2023,Q1,Middle East & Africa,South Africa,Professional Services,Consulting,4,153000.0,150381.73,-2618.27,-1.71,99450.0,98726.41,-723.59,-0.73,53550.0,51655.32,-1894.68,35.0,34.35,26,9,0,USD,Amber
2023-03-01,2023,3,Mar 2023,Q1,Middle East & Africa,South Africa,Hardware,Networking Equipment,2,120000.0,117659.16,-2340.84,-1.95,86400.0,85430.43,-969.57,-1.12,33600.0,32228.73,-1371.27,28.0,27.39,8,5,2,USD,Amber
2023-03-01,2023,3,Mar 2023,Q1,Latin America,Brazil,Cloud Solutions,Cloud Storage,7,231000.0,235916.78,4916.78,2.13,120120.0,123646.66,3526.66,2.94,110880.0,112270.12,1390.12,48.0,47.59,7,13,4,USD,Amber
2023-03-01,2023,3,Mar 2023,Q1,Latin America,Brazil,Data & Analytics,Data Integration,4,168000.0,186225.56,18225.56,10.85,97440.0,96378.74,-1061.26,-1.09,70560.0,89846.82,19286.82,42.0,48.25,11,13,1,USD,Green
2023-03-01,2023,3,Mar 2023,Q1,Latin America,Brazil,Professional Services,Consulting,8,132600.0,146763.81,14163.81,10.68,86190.0,87063.45,873.45,1.01,46410.0,59700.36,13290.36,35.0,40.68,14,13,5,USD,Green
2023-03-01,2023,3,Mar 2023,Q1,Latin America,Brazil,Hardware,Servers,8,90000.0,89898.49,-101.51,-0.11,64800.0,69335.67,4535.67,7.0,25200.0,20562.82,-4637.18,28.0,22.87,7,14,0,USD,Amber
2023-04-01,2023,4,Apr 2023,Q2,North America,Canada,Cloud Solutions,SaaS Platform,6,867000.0,911959.26,44959.26,5.19,450840.0,489207.41,38367.41,8.51,416160.0,422751.85,6591.85,48.0,46.36,15,14,1,USD,Green
2023-04-01,2023,4,Apr 2023,Q2,North America,Canada,Data & Analytics,BI Tools,6,632400.0,663307.68,30907.68,4.89,366792.0,368215.89,1423.89,0.39,265608.0,295091.79,29483.79,42.0,44.49,14,14,0,USD,Green
2023-04-01,2023,4,Apr 2023,Q2,North America,Canada,Professional Services,Consulting,10,399000.0,386030.54,-12969.46,-3.25,259350.0,269313.49,9963.49,3.84,139650.0,116717.05,-22932.95,35.0,30.24,25,6,0,USD,Red
2023-04-01,2023,4,Apr 2023,Q2,North America,Canada,Hardware,Servers,6,284200.0,296543.85,12343.85,4.34,204624.0,200178.47,-4445.53,-2.17,79576.0,96365.38,16789.38,28.0,32.5,22,1,0,USD,Green
2023-04-01,2023,4,Apr 2023,Q2,Europe,Netherlands,Cloud Solutions,Cloud Storage,10,632400.0,634299.36,1899.36,0.3,328848.0,317538.56,-11309.44,-3.44,303552.0,316760.8,13208.8,48.0,49.94,23,2,3,USD,Amber
2023-04-01,2023,4,Apr 2023,Q2,Europe,Netherlands,Data & Analytics,AI Analytics,2,489600.0,497750.58,8150.58,1.66,283968.0,287151.06,3183.06,1.12,205632.0,210599.52,4967.52,42.0,42.31,17,9,4,USD,Amber
2023-04-01,2023,4,Apr 2023,Q2,Europe,Netherlands,Professional Services,Training,5,325500.0,322618.44,-2881.56,-0.89,211575.0,197901.36,-13673.64,-6.46,113925.0,124717.08,10792.08,35.0,38.66,25,6,3,USD,Amber
2023-04-01,2023,4,Apr 2023,Q2,Europe,Netherlands,Hardware,Servers,7,205800.0,234241.49,28441.49,13.82,148176.0,143961.95,-4214.05,-2.84,57624.0,90279.54,32655.54,28.0,38.54,23,11,0,USD,Green
2023-04-01,2023,4,Apr 2023,Q2,Asia Pacific,Singapore,Cloud Solutions,Cloud Storage,8,489600.0,450982.0,-38618.0,-7.89,254592.0,253916.47,-675.53,-0.27,235008.0,197065.53,-37942.47,48.0,43.7,14,12,2,USD,Red
2023-04-01,2023,4,Apr 2023,Q2,Asia Pacific,Singapore,Data & Analytics,AI Analytics,12,357000.0,376161.3,19161.3,5.37,207060.0,213264.49,6204.49,3.0,149940.0,162896.81,12956.81,42.0,43.31,16,12,1,USD,Green
2023-04-01,2023,4,Apr 2023,Q2,Asia Pacific,Singapore,Professional Services,Training,6,231000.0,220474.75,-10525.25,-4.56,150150.0,147570.84,-2579.16,-1.72,80850.0,72903.91,-7946.09,35.0,33.07,4,5,1,USD,Red
2023-04-01,2023,4,Apr 2023,Q2,Asia Pacific,Singapore,Hardware,Networking Equipment,9,176400.0,181385.28,4985.28,2.83,127008.0,120242.32,-6765.68,-5.33,49392.0,61142.96,11750.96,28.0,33.71,14,8,3,USD,Amber
2023-04-01,2023,4,Apr 2023,Q2,Middle East & Africa,UAE,Cloud Solutions,Cloud Security,4,285600.0,252109.99,-33490.01,-11.73,148512.0,150655.11,2143.11,1.44,137088.0,101454.88,-35633.12,48.0,40.24,27,11,0,USD,Red
2023-04-01,2023,4,Apr 2023,Q2,Middle East & Africa,UAE,Data & Analytics,Data Integration,3,193800.0,179352.71,-14447.29,-7.45,112404.0,111786.95,-617.05,-0.55,81396.0,67565.76,-13830.24,42.0,37.67,14,14,1,USD,Red
2023-04-01,2023,4,Apr 2023,Q2,Middle East & Africa,UAE,Professional Services,Training,2,157500.0,152727.33,-4772.67,-3.03,102375.0,109269.22,6894.22,6.73,55125.0,43458.11,-11666.89,35.0,28.45,8,1,1,USD,Red
2023-04-01,2023,4,Apr 2023,Q2,Middle East & Africa,UAE,Hardware,Networking Equipment,8,117600.0,109537.62,-8062.38,-6.86,84672.0,80943.34,-3728.66,-4.4,32928.0,28594.28,-4333.72,28.0,26.1,18,15,5,USD,Red
2023-04-01,2023,4,Apr 2023,Q2,Latin America,Brazil,Cloud Solutions,Cloud Security,4,224400.0,221443.68,-2956.32,-1.32,116688.0,111543.66,-5144.34,-4.41,107712.0,109900.02,2188.02,48.0,49.63,11,11,5,USD,Amber
2023-04-01,2023,4,Apr 2023,Q2,Latin America,Brazil,Data & Analytics,BI Tools,8,163200.0,180010.25,16810.25,10.3,94656.0,89963.77,-4692.23,-4.96,68544.0,90046.48,21502.48,42.0,50.02,7,4,1,USD,Green
2023-04-01,2023,4,Apr 2023,Q2,Latin America,Brazil,Professional Services,Training,3,136500.0,135252.66,-1247.34,-0.91,88725.0,88596.73,-128.27,-0.14,47775.0,46655.93,-1119.07,35.0,34.5,11,8,1,USD,Amber
2023-04-01,2023,4,Apr 2023,Q2,Latin America,Brazil,Hardware,Networking Equipment,7,88200.0,81298.36,-6901.64,-7.82,63504.0,56946.4,-6557.6,-10.33,24696.0,24351.96,-344.04,28.0,29.95,23,13,3,USD,Red
2023-05-01,2023,5,May 2023,Q2,North America,Canada,Cloud Solutions,Cloud Security,9,850000.0,830187.85,-19812.15,-2.33,442000.0,445470.06,3470.06,0.79,408000.0,384717.79,-23282.21,48.0,46.34,19,5,1,USD,Amber
2023-05-01,2023,5,May 2023,Q2,North America,Canada,Data & Analytics,AI Analytics,12,620000.0,615184.21,-4815.79,-0.78,359600.0,384177.45,24577.45,6.83,260400.0,231006.76,-29393.24,42.0,37.55,19,4,2,USD,Amber
2023-05-01,2023,5,May 2023,Q2,North America,Canada,Professional Services,Consulting,7,410400.0,432357.44,21957.44,5.35,266760.0,270855.22,4095.22,1.54,143640.0,161502.22,17862.22,35.0,37.35,12,6,4,USD,Green
2023-05-01,2023,5,May 2023,Q2,North America,Canada,Hardware,Servers,4,275500.0,285990.81,10490.81,3.81,198360.0,202756.24,4396.24,2.22,77140.0,83234.57,6094.57,28.0,29.1,26,12,1,USD,Green
2023-05-01,2023,5,May 2023,Q2,Europe,Germany,Cloud Solutions,Cloud Storage,2,620000.0,587294.86,-32705.14,-5.28,322400.0,331247.33,8847.33,2.74,297600.0,256047.53,-41552.47,48.0,43.6,17,4,3,USD,Red
2023-05-01,2023,5,May 2023,Q2,Europe,Germany,Data & Analytics,Data Integration,2,480000.0,516329.7,36329.7,7.57,278400.0,270096.58,-8303.42,-2.98,201600.0,246233.12,44633.12,42.0,47.69,26,14,4,USD,Green
2023-05-01,2023,5,May 2023,Q2,Europe,Germany,Professional Services,Consulting,8,334800.0,290604.66,-44195.34,-13.2,217620.0,220620.86,3000.86,1.38,117180.0,69983.8,-47196.2,35.0,24.08,13,14,3,USD,Red
2023-05-01,2023,5,May 2023,Q2,Europe,Germany,Hardware,Servers,2,199500.0,191964.0,-7536.0,-3.78,143640.0,143978.96,338.96,0.24,55860.0,47985.04,-7874.96,28.0,25.0,19,7,2,USD,Red
2023-05-01,2023,5,May 2023,Q2,Asia Pacific,Singapore,Cloud Solutions,Cloud Security,4,480000.0,498569.91,18569.91,3.87,249600.0,234303.21,-15296.79,-6.13,230400.0,264266.7,33866.7,48.0,53.0,18,10,4,USD,Green
2023-05-01,2023,5,May 2023,Q2,Asia Pacific,Singapore,Data & Analytics,BI Tools,2,350000.0,376943.44,26943.44,7.7,203000.0,196998.87,-6001.13,-2.96,147000.0,179944.57,32944.57,42.0,47.74,25,2,5,USD,Green
2023-05-01,2023,5,May 2023,Q2,Asia Pacific,Singapore,Professional Services,Consulting,6,237600.0,250416.17,12816.17,5.39,154440.0,159617.25,5177.25,3.35,83160.0,90798.92,7638.92,35.0,36.26,5,7,2,USD,Green
2023-05-01,2023,5,May 2023,Q2,Asia Pacific,Singapore,Hardware,Servers,6,171000.0,163774.14,-7225.86,-4.23,123120.0,124374.92,1254.92,1.02,47880.0,39399.22,-8480.78,28.0,24.06,16,13,3,USD,Red
2023-05-01,2023,5,May 2023,Q2,Middle East & Africa,South Africa,Cloud Solutions,SaaS Platform,7,280000.0,255350.25,-24649.75,-8.8,145600.0,147396.25,1796.25,1.23,134400.0,107954.0,-26446.0,48.0,42.28,5,4,5,USD,Red
2023-05-01,2023,5,May 2023,Q2,Middle East & Africa,South Africa,Data & Analytics,BI Tools,2,190000.0,195128.63,5128.63,2.7,110200.0,103920.36,-6279.64,-5.7,79800.0,91208.27,11408.27,42.0,46.74,28,4,1,USD,Amber
2023-05-01,2023,5,May 2023,Q2,Middle East & Africa,South Africa,Professional Services,Implementation,12,162000.0,158430.31,-3569.69,-2.2,105300.0,103152.38,-2147.62,-2.04,56700.0,55277.93,-1422.07,35.0,34.89,19,2,4,USD,Amber
2023-05-01,2023,5,May 2023,Q2,Middle East & Africa,South Africa,Hardware,Servers,4,114000.0,110003.34,-3996.66,-3.51,82080.0,82630.57,550.57,0.67,31920.0,27372.77,-4547.23,28.0,24.88,15,10,4,USD,Red
2023-05-01,2023,5,May 2023,Q2,Latin America,Brazil,Cloud Solutions,SaaS Platform,6,220000.0,228359.47,8359.47,3.8,114400.0,113918.77,-481.23,-0.42,105600.0,114440.7,8840.7,48.0,50.11,4,10,5,USD,Green
2023-05-01,2023,5,May 2023,Q2,Latin America,Brazil,Data & Analytics,Data Integration,11,160000.0,149484.54,-10515.46,-6.57,92800.0,96356.41,3556.41,3.83,67200.0,53128.13,-14071.87,42.0,35.54,6,12,5,USD,Red
2023-05-01,2023,5,May 2023,Q2,Latin America,Brazil,Professional Services,Implementation,11,140400.0,153428.69,13028.69,9.28,91260.0,95012.61,3752.61,4.11,49140.0,58416.08,9276.08,35.0,38.07,25,13,0,USD,Green
2023-05-01,2023,5,May 2023,Q2,Latin America,Brazil,Hardware,Servers,3,85500.0,83243.53,-2256.47,-2.64,61560.0,63693.47,2133.47,3.47,23940.0,19550.06,-4389.94,28.0,23.49,15,9,5,USD,Amber
2023-06-01,2023,6,Jun 2023,Q2,North America,Canada,Cloud Solutions,SaaS Platform,8,918000.0,987142.55,69142.55,7.53,477360.0,448588.1,-28771.9,-6.03,440640.0,538554.45,97914.45,48.0,54.56,7,6,5,USD,Green
2023-06-01,2023,6,Jun 2023,Q2,North America,Canada,Data & Analytics,Data Integration,10,669600.0,664909.24,-4690.76,-0.7,388368.0,372349.48,-16018.52,-4.12,281232.0,292559.76,11327.76,42.0,44.0,27,11,2,USD,Amber
2023-06-01,2023,6,Jun 2023,Q2,North America,Canada,Professional Services,Training,9,418000.0,433327.68,15327.68,3.67,271700.0,259083.93,-12616.07,-4.64,146300.0,174243.75,27943.75,35.0,40.21,19,7,5,USD,Green
2023-06-01,2023,6,Jun 2023,Q2,North America,Canada,Hardware,Networking Equipment,6,295800.0,292912.05,-2887.95,-0.98,212976.0,218721.72,5745.72,2.7,82824.0,74190.33,-8633.67,28.0,25.33,6,15,3,USD,Amber
2023-06-01,2023,6,Jun 2023,Q2,Europe,United Kingdom,Cloud Solutions,Cloud Storage,2,669600.0,622274.72,-47325.28,-7.07,348192.0,339401.16,-8790.84,-2.52,321408.0,282873.56,-38534.44,48.0,45.46,14,8,2,USD,Red
2023-06-01,2023,6,Jun 2023,Q2,Europe,United Kingdom,Data & Analytics,BI Tools,7,518400.0,494553.54,-23846.46,-4.6,300672.0,301551.89,879.89,0.29,217728.0,193001.65,-24726.35,42.0,39.03,12,5,4,USD,Red
2023-06-01,2023,6,Jun 2023,Q2,Europe,United Kingdom,Professional Services,Training,5,341000.0,363422.44,22422.44,6.58,221650.0,213923.77,-7726.23,-3.49,119350.0,149498.67,30148.67,35.0,41.14,20,2,1,USD,Green
2023-06-01,2023,6,Jun 2023,Q2,Europe,United Kingdom,Hardware,Networking Equipment,9,214200.0,194743.0,-19457.0,-9.08,154224.0,154969.33,745.33,0.48,59976.0,39773.67,-20202.33,28.0,20.42,26,11,5,USD,Red
2023-06-01,2023,6,Jun 2023,Q2,Asia Pacific,Australia,Cloud Solutions,Cloud Storage,8,518400.0,527247.58,8847.58,1.71,269568.0,264974.64,-4593.36,-1.7,248832.0,262272.94,13440.94,48.0,49.74,11,12,1,USD,Amber
2023-06-01,2023,6,Jun 2023,Q2,Asia Pacific,Australia,Data & Analytics,Data Integration,10,378000.0,370578.39,-7421.61,-1.96,219240.0,212024.22,-7215.78,-3.29,158760.0,158554.17,-205.83,42.0,42.79,21,6,3,USD,Amber
2023-06-01,2023,6,Jun 2023,Q2,Asia Pacific,Australia,Professional Services,Training,6,242000.0,231570.9,-10429.1,-4.31,157300.0,155475.83,-1824.17,-1.16,84700.0,76095.07,-8604.93,35.0,32.86,18,5,2,USD,Red
2023-06-01,2023,6,Jun 2023,Q2,Asia Pacific,Australia,Hardware,Servers,10,183600.0,190668.18,7068.18,3.85,132192.0,134569.96,2377.96,1.8,51408.0,56098.22,4690.22,28.0,29.42,7,13,5,USD,Green
2023-06-01,2023,6,Jun 2023,Q2,Middle East & Africa,UAE,Cloud Solutions,SaaS Platform,11,302400.0,309800.95,7400.95,2.45,157248.0,164324.85,7076.85,4.5,145152.0,145476.1,324.1,48.0,46.96,27,13,4,USD,Amber
2023-06-01,2023,6,Jun 2023,Q2,Middle East & Africa,UAE,Data & Analytics,AI Analytics,6,205200.0,206085.34,885.34,0.43,119016.0,121160.46,2144.46,1.8,86184.0,84924.88,-1259.12,42.0,41.21,10,4,2,USD,Amber
2023-06-01,2023,6,Jun 2023,Q2,Middle East & Africa,UAE,Professional Services,Implementation,6,165000.0,161639.65,-3360.35,-2.04,107250.0,113621.76,6371.76,5.94,57750.0,48017.89,-9732.11,35.0,29.71,8,1,0,USD,Amber
2023-06-01,2023,6,Jun 2023,Q2,Middle East & Africa,UAE,Hardware,Networking Equipment,9,122400.0,122386.06,-13.94,-0.01,88128.0,86395.39,-1732.61,-1.97,34272.0,35990.67,1718.67,28.0,29.41,28,2,0,USD,Amber
2023-06-01,2023,6,Jun 2023,Q2,Latin America,Mexico,Cloud Solutions,Cloud Storage,6,237600.0,227079.58,-10520.42,-4.43,123552.0,124153.52,601.52,0.49,114048.0,102926.06,-11121.94,48.0,45.33,5,14,3,USD,Red
2023-06-01,2023,6,Jun 2023,Q2,Latin America,Mexico,Data & Analytics,BI Tools,11,172800.0,179120.96,6320.96,3.66,100224.0,96576.58,-3647.42,-3.64,72576.0,82544.38,9968.38,42.0,46.08,6,11,5,USD,Green
2023-06-01,2023,6,Jun 2023,Q2,Latin America,Mexico,Professional Services,Implementation,3,143000.0,153499.77,10499.77,7.34,92950.0,98484.82,5534.82,5.95,50050.0,55014.95,4964.95,35.0,35.84,13,4,0,USD,Green
2023-06-01,2023,6,Jun 2023,Q2,Latin America,Mexico,Hardware,Networking Equipment,10,91800.0,85069.93,-6730.07,-7.33,66096.0,63199.43,-2896.57,-4.38,25704.0,21870.5,-3833.5,28.0,25.71,11,7,3,USD,Red
2023-07-01,2023,7,Jul 2023,Q3,North America,Canada,Cloud Solutions,Cloud Storage,11,782000.0,880731.95,98731.95,12.63,406640.0,368624.65,-38015.35,-9.35,375360.0,512107.3,136747.3,48.0,58.15,13,10,0,USD,Green
2023-07-01,2023,7,Jul 2023,Q3,North America,Canada,Data & Analytics,AI Analytics,5,570400.0,591261.8,20861.8,3.66,330832.0,329331.42,-1500.58,-0.45,239568.0,261930.38,22362.38,42.0,44.3,28,11,1,USD,Green
2023-07-01,2023,7,Jul 2023,Q3,North America,Canada,Professional Services,Consulting,10,334400.0,331486.14,-2913.86,-0.87,217360.0,213061.47,-4298.53,-1.98,117040.0,118424.67,1384.67,35.0,35.73,9,2,1,USD,Amber
2023-07-01,2023,7,Jul 2023,Q3,North America,Canada,Hardware,Servers,6,275500.0,257040.07,-18459.93,-6.7,198360.0,204956.28,6596.28,3.33,77140.0,52083.79,-25056.21,28.0,20.26,19,1,1,USD,Red
2023-07-01,2023,7,Jul 2023,Q3,Europe,France,Cloud Solutions,Cloud Security,12,570400.0,562260.43,-8139.57,-1.43,296608.0,319622.93,23014.93,7.76,273792.0,242637.5,-31154.5,48.0,43.15,6,4,2,USD,Amber
2023-07-01,2023,7,Jul 2023,Q3,Europe,France,Data & Analytics,AI Analytics,8,441600.0,405600.11,-35999.89,-8.15,256128.0,246239.46,-9888.54,-3.86,185472.0,159360.65,-26111.35,42.0,39.29,10,2,4,USD,Red
2023-07-01,2023,7,Jul 2023,Q3,Europe,France,Professional Services,Implementation,3,272800.0,254063.76,-18736.24,-6.87,177320.0,164910.14,-12409.86,-7.0,95480.0,89153.62,-6326.38,35.0,35.09,8,1,1,USD,Red
2023-07-01,2023,7,Jul 2023,Q3,Europe,France,Hardware,Networking Equipment,9,199500.0,183037.21,-16462.79,-8.25,143640.0,137615.34,-6024.66,-4.19,55860.0,45421.87,-10438.13,28.0,24.82,13,2,3,USD,Red
2023-07-01,2023,7,Jul 2023,Q3,Asia Pacific,Singapore,Cloud Solutions,Cloud Storage,10,441600.0,426336.32,-15263.68,-3.46,229632.0,208754.09,-20877.91,-9.09,211968.0,217582.23,5614.23,48.0,51.04,20,8,3,USD,Red
2023-07-01,2023,7,Jul 2023,Q3,Asia Pacific,Singapore,Data & Analytics,BI Tools,7,322000.0,292127.1,-29872.9,-9.28,186760.0,177702.26,-9057.74,-4.85,135240.0,114424.84,-20815.16,42.0,39.17,27,10,2,USD,Red
2023-07-01,2023,7,Jul 2023,Q3,Asia Pacific,Singapore,Professional Services,Implementation,11,193600.0,220475.84,26875.84,13.88,125840.0,132825.56,6985.56,5.55,67760.0,87650.28,19890.28,35.0,39.76,22,1,5,USD,Green
2023-07-01,2023,7,Jul 2023,Q3,Asia Pacific,Singapore,Hardware,Networking Equipment,9,171000.0,157257.55,-13742.45,-8.04,123120.0,119267.26,-3852.74,-3.13,47880.0,37990.29,-9889.71,28.0,24.16,9,9,5,USD,Red
2023-07-01,2023,7,Jul 2023,Q3,Middle East & Africa,South Africa,Cloud Solutions,Cloud Storage,9,257600.0,268733.82,11133.82,4.32,133952.0,140412.81,6460.81,4.82,123648.0,128321.01,4673.01,48.0,47.75,24,2,3,USD,Green
2023-07-01,2023,7,Jul 2023,Q3,Middle East & Africa,South Africa,Data & Analytics,Data Integration,4,174800.0,168806.87,-5993.13,-3.43,101384.0,103327.43,1943.43,1.92,73416.0,65479.44,-7936.56,42.0,38.79,7,6,3,USD,Red
2023-07-01,2023,7,Jul 2023,Q3,Middle East & Africa,South Africa,Professional Services,Training,10,132000.0,121650.12,-10349.88,-7.84,85800.0,85944.01,144.01,0.17,46200.0,35706.11,-10493.89,35.0,29.35,16,1,3,USD,Red
2023-07-01,2023,7,Jul 2023,Q3,Middle East & Africa,South Africa,Hardware,Servers,8,114000.0,112756.2,-1243.8,-1.09,82080.0,84746.31,2666.31,3.25,31920.0,28009.89,-3910.11,28.0,24.84,28,14,4,USD,Amber
2023-07-01,2023,7,Jul 2023,Q3,Latin America,Brazil,Cloud Solutions,Cloud Security,5,202400.0,213640.78,11240.78,5.55,105248.0,101818.3,-3429.7,-3.26,97152.0,111822.48,14670.48,48.0,52.34,5,9,2,USD,Green
2023-07-01,2023,7,Jul 2023,Q3,Latin America,Brazil,Data & Analytics,AI Analytics,2,147200.0,149172.92,1972.92,1.34,85376.0,80594.18,-4781.82,-5.6,61824.0,68578.74,6754.74,42.0,45.97,28,4,2,USD,Amber
2023-07-01,2023,7,Jul 2023,Q3,Latin America,Brazil,Professional Services,Training,9,114400.0,119390.73,4990.73,4.36,74360.0,76157.89,1797.89,2.42,40040.0,43232.84,3192.84,35.0,36.21,26,2,0,USD,Green
2023-07-01,2023,7,Jul 2023,Q3,Latin America,Brazil,Hardware,Servers,10,85500.0,85248.5,-251.5,-0.29,61560.0,59503.08,-2056.92,-3.34,23940.0,25745.42,1805.42,28.0,30.2,4,7,0,USD,Amber
2023-08-01,2023,8,Aug 2023,Q3,North America,United States,Cloud Solutions,SaaS Platform,9,799000.0,783723.69,-15276.31,-1.91,415480.0,417472.87,1992.87,0.48,383520.0,366250.82,-17269.18,48.0,46.73,8,15,5,USD,Amber
2023-08-01,2023,8,Aug 2023,Q3,North America,United States,Data & Analytics,Data Integration,9,582800.0,560722.66,-22077.34,-3.79,338024.0,337421.89,-602.11,-0.18,244776.0,223300.77,-21475.23,42.0,39.82,19,4,3,USD,Red
2023-08-01,2023,8,Aug 2023,Q3,North America,United States,Professional Services,Training,10,342000.0,353623.0,11623.0,3.4,222300.0,226861.38,4561.38,2.05,119700.0,126761.62,7061.62,35.0,35.85,23,12,1,USD,Green
2023-08-01,2023,8,Aug 2023,Q3,North America,United States,Hardware,Servers,7,281300.0,279217.6,-2082.4,-0.74,202536.0,216654.9,14118.9,6.97,78764.0,62562.7,-16201.3,28.0,22.41,17,15,4,USD,Amber
2023-08-01,2023,8,Aug 2023,Q3,Europe,France,Cloud Solutions,SaaS Platform,11,582800.0,582594.81,-205.19,-0.04,303056.0,313048.28,9992.28,3.3,279744.0,269546.53,-10197.47,48.0,46.27,22,11,3,USD,Amber
2023-08-01,2023,8,Aug 2023,Q3,Europe,France,Data & Analytics,BI Tools,10,451200.0,426295.04,-24904.96,-5.52,261696.0,265666.6,3970.6,1.52,189504.0,160628.44,-28875.56,42.0,37.68,14,13,4,USD,Red
2023-08-01,2023,8,Aug 2023,Q3,Europe,France,Professional Services,Consulting,5,279000.0,267615.13,-11384.87,-4.08,181350.0,183120.13,1770.13,0.98,97650.0,84495.0,-13155.0,35.0,31.57,10,10,3,USD,Red
2023-08-01,2023,8,Aug 2023,Q3,Europe,France,Hardware,Servers,9,203700.0,213504.81,9804.81,4.81,146664.0,141919.85,-4744.15,-3.23,57036.0,71584.96,14548.96,28.0,33.53,14,12,3,USD,Green
2023-08-01,2023,8,Aug 2023,Q3,Asia Pacific,Australia,Cloud Solutions,Cloud Security,9,451200.0,466066.27,14866.27,3.29,234624.0,221468.54,-13155.46,-5.61,216576.0,244597.73,28021.73,48.0,52.48,8,1,1,USD,Green
2023-08-01,2023,8,Aug 2023,Q3,Asia Pacific,Australia,Data & Analytics,AI Analytics,9,329000.0,349603.68,20603.68,6.26,190820.0,189339.18,-1480.82,-0.78,138180.0,160264.5,22084.5,42.0,45.84,7,2,4,USD,Green
2023-08-01,2023,8,Aug 2023,Q3,Asia Pacific,Australia,Professional Services,Consulting,4,198000.0,206577.91,8577.91,4.33,128700.0,128976.57,276.57,0.21,69300.0,77601.34,8301.34,35.0,37.57,24,2,3,USD,Green
2023-08-01,2023,8,Aug 2023,Q3,Asia Pacific,Australia,Hardware,Networking Equipment,3,174600.0,167846.04,-6753.96,-3.87,125712.0,132271.35,6559.35,5.22,48888.0,35574.69,-13313.31,28.0,21.19,24,14,2,USD,Red
2023-08-01,2023,8,Aug 2023,Q3,Middle East & Africa,South Africa,Cloud Solutions,Cloud Storage,10,263200.0,242757.96,-20442.04,-7.77,136864.0,128682.07,-8181.93,-5.98,126336.0,114075.89,-12260.11,48.0,46.99,19,1,4,USD,Red
2023-08-01,2023,8,Aug 2023,Q3,Middle East & Africa,South Africa,Data & Analytics,BI Tools,5,178600.0,181940.98,3340.98,1.87,103588.0,109852.12,6264.12,6.05,75012.0,72088.86,-2923.14,42.0,39.62,13,12,0,USD,Amber
2023-08-01,2023,8,Aug 2023,Q3,Middle East & Africa,South Africa,Professional Services,Consulting,3,135000.0,149915.28,14915.28,11.05,87750.0,86944.94,-805.06,-0.92,47250.0,62970.34,15720.34,35.0,42.0,26,8,1,USD,Green
2023-08-01,2023,8,Aug 2023,Q3,Middle East & Africa,South Africa,Hardware,Networking Equipment,6,116400.0,119324.52,2924.52,2.51,83808.0,83221.39,-586.61,-0.7,32592.0,36103.13,3511.13,28.0,30.26,5,6,2,USD,Amber
2023-08-01,2023,8,Aug 2023,Q3,Latin America,Mexico,Cloud Solutions,SaaS Platform,4,206800.0,209334.14,2534.14,1.23,107536.0,111966.32,4430.32,4.12,99264.0,97367.82,-1896.18,48.0,46.51,25,3,1,USD,Amber
2023-08-01,2023,8,Aug 2023,Q3,Latin America,Mexico,Data & Analytics,BI Tools,5,150400.0,145058.14,-5341.86,-3.55,87232.0,85056.36,-2175.64,-2.49,63168.0,60001.78,-3166.22,42.0,41.36,25,8,4,USD,Red
2023-08-01,2023,8,Aug 2023,Q3,Latin America,Mexico,Professional Services,Implementation,6,117000.0,119287.48,2287.48,1.96,76050.0,80358.87,4308.87,5.67,40950.0,38928.61,-2021.39,35.0,32.63,18,11,0,USD,Amber
2023-08-01,2023,8,Aug 2023,Q3,Latin America,Mexico,Hardware,Networking Equipment,3,87300.0,94584.2,7284.2,8.34,62856.0,60655.69,-2200.31,-3.5,24444.0,33928.51,9484.51,28.0,35.87,9,8,2,USD,Green
2023-09-01,2023,9,Sep 2023,Q3,North America,Canada,Cloud Solutions,Cloud Security,6,935000.0,1027813.91,92813.91,9.93,486200.0,479162.91,-7037.09,-1.45,448800.0,548651.0,99851.0,48.0,53.38,18,4,3,USD,Green
2023-09-01,2023,9,Sep 2023,Q3,North America,Canada,Data & Analytics,Data Integration,11,682000.0,720250.73,38250.73,5.61,395560.0,405190.85,9630.85,2.43,286440.0,315059.88,28619.88,42.0,43.74,15,5,5,USD,Green
2023-09-01,2023,9,Sep 2023,Q3,North America,Canada,Professional Services,Consulting,6,399000.0,447632.99,48632.99,12.19,259350.0,262033.78,2683.78,1.03,139650.0,185599.21,45949.21,35.0,41.46,16,1,4,USD,Green
2023-09-01,2023,9,Sep 2023,Q3,North America,Canada,Hardware,Servers,5,304500.0,333115.51,28615.51,9.4,219240.0,211517.36,-7722.64,-3.52,85260.0,121598.15,36338.15,28.0,36.5,13,10,2,USD,Green
2023-09-01,2023,9,Sep 2023,Q3,Europe,United Kingdom,Cloud Solutions,Cloud Security,12,682000.0,700238.82,18238.82,2.67,354640.0,364662.37,10022.37,2.83,327360.0,335576.45,8216.45,48.0,47.92,28,11,1,USD,Amber
2023-09-01,2023,9,Sep 2023,Q3,Europe,United Kingdom,Data & Analytics,AI Analytics,6,528000.0,569757.4,41757.4,7.91,306240.0,316108.45,9868.45,3.22,221760.0,253648.95,31888.95,42.0,44.52,5,13,3,USD,Green
2023-09-01,2023,9,Sep 2023,Q3,Europe,United Kingdom,Professional Services,Implementation,6,325500.0,300926.69,-24573.31,-7.55,211575.0,204987.54,-6587.46,-3.11,113925.0,95939.15,-17985.85,35.0,31.88,6,6,5,USD,Red
2023-09-01,2023,9,Sep 2023,Q3,Europe,United Kingdom,Hardware,Networking Equipment,7,220500.0,225877.74,5377.74,2.44,158760.0,161778.84,3018.84,1.9,61740.0,64098.9,2358.9,28.0,28.38,21,9,4,USD,Amber
2023-09-01,2023,9,Sep 2023,Q3,Asia Pacific,Australia,Cloud Solutions,SaaS Platform,6,528000.0,530691.77,2691.77,0.51,274560.0,295034.8,20474.8,7.46,253440.0,235656.97,-17783.03,48.0,44.41,19,12,2,USD,Amber
2023-09-01,2023,9,Sep 2023,Q3,Asia Pacific,Australia,Data & Analytics,BI Tools,5,385000.0,379889.92,-5110.08,-1.33,223300.0,223998.62,698.62,0.31,161700.0,155891.3,-5808.7,42.0,41.04,28,14,5,USD,Amber
2023-09-01,2023,9,Sep 2023,Q3,Asia Pacific,Australia,Professional Services,Training,7,231000.0,226930.47,-4069.53,-1.76,150150.0,144774.11,-5375.89,-3.58,80850.0,82156.36,1306.36,35.0,36.2,21,2,3,USD,Amber
2023-09-01,2023,9,Sep 2023,Q3,Asia Pacific,Australia,Hardware,Servers,12,189000.0,190361.57,1361.57,0.72,136080.0,138864.39,2784.39,2.05,52920.0,51497.18,-1422.82,28.0,27.05,15,12,5,USD,Amber
2023-09-01,2023,9,Sep 2023,Q3,Middle East & Africa,South Africa,Cloud Solutions,Cloud Security,3,308000.0,291745.56,-16254.44,-5.28,160160.0,166373.38,6213.38,3.88,147840.0,125372.18,-22467.82,48.0,42.97,15,11,1,USD,Red
2023-09-01,2023,9,Sep 2023,Q3,Middle East & Africa,South Africa,Data & Analytics,Data Integration,7,209000.0,236809.68,27809.68,13.31,121220.0,122796.7,1576.7,1.3,87780.0,114012.98,26232.98,42.0,48.15,21,15,4,USD,Green
2023-09-01,2023,9,Sep 2023,Q3,Middle East & Africa,South Africa,Professional Services,Implementation,6,157500.0,151025.19,-6474.81,-4.11,102375.0,97719.81,-4655.19,-4.55,55125.0,53305.38,-1819.62,35.0,35.3,18,11,3,USD,Red
2023-09-01,2023,9,Sep 2023,Q3,Middle East & Africa,South Africa,Hardware,Servers,9,126000.0,138932.41,12932.41,10.26,90720.0,97473.28,6753.28,7.44,35280.0,41459.13,6179.13,28.0,29.84,13,2,0,USD,Green
2023-09-01,2023,9,Sep 2023,Q3,Latin America,Brazil,Cloud Solutions,Cloud Security,10,242000.0,254927.91,12927.91,5.34,125840.0,130006.8,4166.8,3.31,116160.0,124921.11,8761.11,48.0,49.0,25,7,4,USD,Green
2023-09-01,2023,9,Sep 2023,Q3,Latin America,Brazil,Data & Analytics,AI Analytics,3,176000.0,174539.7,-1460.3,-0.83,102080.0,93672.32,-8407.68,-8.24,73920.0,80867.38,6947.38,42.0,46.33,24,14,3,USD,Amber
2023-09-01,2023,9,Sep 2023,Q3,Latin America,Brazil,Professional Services,Training,7,136500.0,120980.65,-15519.35,-11.37,88725.0,93490.65,4765.65,5.37,47775.0,27490.0,-20285.0,35.0,22.72,5,4,3,USD,Red
2023-09-01,2023,9,Sep 2023,Q3,Latin America,Brazil,Hardware,Networking Equipment,12,94500.0,106062.85,11562.85,12.24,68040.0,66403.66,-1636.34,-2.4,26460.0,39659.19,13199.19,28.0,37.39,7,6,4,USD,Green
2023-10-01,2023,10,Oct 2023,Q4,North America,Canada,Cloud Solutions,SaaS Platform,9,952000.0,931793.95,-20206.05,-2.12,495040.0,502712.67,7672.67,1.55,456960.0,429081.28,-27878.72,48.0,46.05,7,2,5,USD,Amber
2023-10-01,2023,10,Oct 2023,Q4,North America,Canada,Data & Analytics,BI Tools,2,694400.0,665997.57,-28402.43,-4.09,402752.0,385866.11,-16885.89,-4.19,291648.0,280131.46,-11516.54,42.0,42.06,4,13,2,USD,Red
2023-10-01,2023,10,Oct 2023,Q4,North America,Canada,Professional Services,Implementation,3,410400.0,457701.31,47301.31,11.53,266760.0,265443.02,-1316.98,-0.49,143640.0,192258.29,48618.29,35.0,42.01,10,14,4,USD,Green
2023-10-01,2023,10,Oct 2023,Q4,North America,Canada,Hardware,Servers,7,319000.0,292175.36,-26824.64,-8.41,229680.0,220989.84,-8690.16,-3.78,89320.0,71185.52,-18134.48,28.0,24.36,11,13,1,USD,Red
2023-10-01,2023,10,Oct 2023,Q4,Europe,Germany,Cloud Solutions,Cloud Storage,10,694400.0,716011.53,21611.53,3.11,361088.0,354814.73,-6273.27,-1.74,333312.0,361196.8,27884.8,48.0,50.45,8,5,1,USD,Green
2023-10-01,2023,10,Oct 2023,Q4,Europe,Germany,Data & Analytics,BI Tools,7,537600.0,539067.22,1467.22,0.27,311808.0,309391.07,-2416.93,-0.78,225792.0,229676.15,3884.15,42.0,42.61,4,13,1,USD,Amber
2023-10-01,2023,10,Oct 2023,Q4,Europe,Germany,Professional Services,Training,4,334800.0,332590.33,-2209.67,-0.66,217620.0,222438.19,4818.19,2.21,117180.0,110152.14,-7027.86,35.0,33.12,5,12,3,USD,Amber
2023-10-01,2023,10,Oct 2023,Q4,Europe,Germany,Hardware,Servers,7,231000.0,232880.73,1880.73,0.81,166320.0,158756.53,-7563.47,-4.55,64680.0,74124.2,9444.2,28.0,31.83,28,9,4,USD,Amber
2023-10-01,2023,10,Oct 2023,Q4,Asia Pacific,Japan,Cloud Solutions,Cloud Storage,12,537600.0,465208.71,-72391.29,-13.47,279552.0,278901.64,-650.36,-0.23,258048.0,186307.07,-71740.93,48.0,40.05,5,9,2,USD,Red
2023-10-01,2023,10,Oct 2023,Q4,Asia Pacific,Japan,Data & Analytics,Data Integration,8,392000.0,392244.79,244.79,0.06,227360.0,225566.87,-1793.13,-0.79,164640.0,166677.92,2037.92,42.0,42.49,19,7,5,USD,Amber
2023-10-01,2023,10,Oct 2023,Q4,Asia Pacific,Japan,Professional Services,Implementation,3,237600.0,208771.0,-28829.0,-12.13,154440.0,155267.81,827.81,0.54,83160.0,53503.19,-29656.81,35.0,25.63,6,6,4,USD,Red
2023-10-01,2023,10,Oct 2023,Q4,Asia Pacific,Japan,Hardware,Servers,11,198000.0,208707.9,10707.9,5.41,142560.0,144394.27,1834.27,1.29,55440.0,64313.63,8873.63,28.0,30.82,24,9,5,USD,Green
2023-10-01,2023,10,Oct 2023,Q4,Middle East & Africa,South Africa,Cloud Solutions,Cloud Storage,10,313600.0,339862.8,26262.8,8.37,163072.0,162801.28,-270.72,-0.17,150528.0,177061.52,26533.52,48.0,52.1,18,10,3,USD,Green
2023-10-01,2023,10,Oct 2023,Q4,Middle East & Africa,South Africa,Data & Analytics,BI Tools,12,212800.0,216611.58,3811.58,1.79,123424.0,121078.95,-2345.05,-1.9,89376.0,95532.63,6156.63,42.0,44.1,24,15,4,USD,Amber
2023-10-01,2023,10,Oct 2023,Q4,Middle East & Africa,South Africa,Professional Services,Training,8,162000.0,170460.19,8460.19,5.22,105300.0,101958.8,-3341.2,-3.17,56700.0,68501.39,11801.39,35.0,40.19,11,6,3,USD,Green
2023-10-01,2023,10,Oct 2023,Q4,Middle East & Africa,South Africa,Hardware,Networking Equipment,7,132000.0,130261.46,-1738.54,-1.32,95040.0,95895.96,855.96,0.9,36960.0,34365.5,-2594.5,28.0,26.38,17,11,2,USD,Amber
2023-10-01,2023,10,Oct 2023,Q4,Latin America,Mexico,Cloud Solutions,SaaS Platform,3,246400.0,242382.35,-4017.65,-1.63,128128.0,122768.11,-5359.89,-4.18,118272.0,119614.24,1342.24,48.0,49.35,6,2,3,USD,Amber
2023-10-01,2023,10,Oct 2023,Q4,Latin America,Mexico,Data & Analytics,BI Tools,10,179200.0,180639.07,1439.07,0.8,103936.0,99923.66,-4012.34,-3.86,75264.0,80715.41,5451.41,42.0,44.68,8,1,4,USD,Amber
2023-10-01,2023,10,Oct 2023,Q4,Latin America,Mexico,Professional Services,Training,7,140400.0,130190.25,-10209.75,-7.27,91260.0,89205.61,-2054.39,-2.25,49140.0,40984.64,-8155.36,35.0,31.48,17,14,5,USD,Red
2023-10-01,2023,10,Oct 2023,Q4,Latin America,Mexico,Hardware,Networking Equipment,11,99000.0,106404.29,7404.29,7.48,71280.0,67921.57,-3358.43,-4.71,27720.0,38482.72,10762.72,28.0,36.17,13,5,2,USD,Green
2023-11-01,2023,11,Nov 2023,Q4,North America,United States,Cloud Solutions,Cloud Security,5,977500.0,953305.05,-24194.95,-2.48,508300.0,507751.13,-548.87,-0.11,469200.0,445553.92,-23646.08,48.0,46.74,19,14,0,USD,Amber
2023-11-01,2023,11,Nov 2023,Q4,North America,United States,Data & Analytics,Data Integration,6,713000.0,743227.56,30227.56,4.24,413540.0,400464.44,-13075.56,-3.16,299460.0,342763.12,43303.12,42.0,46.12,28,10,1,USD,Green
2023-11-01,2023,11,Nov 2023,Q4,North America,United States,Professional Services,Consulting,11,399000.0,439503.11,40503.11,10.15,259350.0,236116.87,-23233.13,-8.96,139650.0,203386.24,63736.24,35.0,46.28,23,11,5,USD,Green
2023-11-01,2023,11,Nov 2023,Q4,North America,United States,Hardware,Servers,6,324800.0,305942.24,-18857.76,-5.81,233856.0,225190.29,-8665.71,-3.71,90944.0,80751.95,-10192.05,28.0,26.39,26,1,1,USD,Red
2023-11-01,2023,11,Nov 2023,Q4,Europe,France,Cloud Solutions,Cloud Security,2,713000.0,727648.06,14648.06,2.05,370760.0,337401.87,-33358.13,-9.0,342240.0,390246.19,48006.19,48.0,53.63,15,3,1,USD,Amber
2023-11-01,2023,11,Nov 2023,Q4,Europe,France,Data & Analytics,AI Analytics,12,552000.0,550603.55,-1396.45,-0.25,320160.0,316097.32,-4062.68,-1.27,231840.0,234506.23,2666.23,42.0,42.59,27,1,0,USD,Amber
2023-11-01,2023,11,Nov 2023,Q4,Europe,France,Professional Services,Training,7,325500.0,310128.34,-15371.66,-4.72,211575.0,210009.88,-1565.12,-0.74,113925.0,100118.46,-13806.54,35.0,32.28,18,3,2,USD,Red
2023-11-01,2023,11,Nov 2023,Q4,Europe,France,Hardware,Networking Equipment,11,235200.0,233213.11,-1986.89,-0.84,169344.0,157798.44,-11545.56,-6.82,65856.0,75414.67,9558.67,28.0,32.34,22,2,0,USD,Amber
2023-11-01,2023,11,Nov 2023,Q4,Asia Pacific,Japan,Cloud Solutions,SaaS Platform,6,552000.0,557814.9,5814.9,1.05,287040.0,283372.94,-3667.06,-1.28,264960.0,274441.96,9481.96,48.0,49.2,6,8,5,USD,Amber
2023-11-01,2023,11,Nov 2023,Q4,Asia Pacific,Japan,Data & Analytics,Data Integration,5,402500.0,380542.64,-21957.36,-5.46,233450.0,234357.55,907.55,0.39,169050.0,146185.09,-22864.91,42.0,38.41,12,13,4,USD,Red
2023-11-01,2023,11,Nov 2023,Q4,Asia Pacific,Japan,Professional Services,Implementation,12,231000.0,229526.85,-1473.15,-0.64,150150.0,152556.63,2406.63,1.6,80850.0,76970.22,-3879.78,35.0,33.53,25,10,3,USD,Amber
2023-11-01,2023,11,Nov 2023,Q4,Asia Pacific,Japan,Hardware,Networking Equipment,2,201600.0,215257.15,13657.15,6.77,145152.0,146791.29,1639.29,1.13,56448.0,68465.86,12017.86,28.0,31.81,23,1,1,USD,Green
2023-11-01,2023,11,Nov 2023,Q4,Middle East & Africa,South Africa,Cloud Solutions,SaaS Platform,7,322000.0,328792.76,6792.76,2.11,167440.0,156123.21,-11316.79,-6.76,154560.0,172669.55,18109.55,48.0,52.52,13,2,0,USD,Amber
2023-11-01,2023,11,Nov 2023,Q4,Middle East & Africa,South Africa,Data & Analytics,Data Integration,10,218500.0,220532.12,2032.12,0.93,126730.0,123579.37,-3150.63,-2.49,91770.0,96952.75,5182.75,42.0,43.96,16,12,1,USD,Amber
2023-11-01,2023,11,Nov 2023,Q4,Middle East & Africa,South Africa,Professional Services,Training,3,157500.0,145985.3,-11514.7,-7.31,102375.0,100181.67,-2193.33,-2.14,55125.0,45803.63,-9321.37,35.0,31.38,15,7,5,USD,Red
2023-11-01,2023,11,Nov 2023,Q4,Middle East & Africa,South Africa,Hardware,Servers,7,134400.0,127504.28,-6895.72,-5.13,96768.0,98443.65,1675.65,1.73,37632.0,29060.63,-8571.37,28.0,22.79,6,10,3,USD,Red
2023-11-01,2023,11,Nov 2023,Q4,Latin America,Mexico,Cloud Solutions,Cloud Security,2,253000.0,247538.31,-5461.69,-2.16,131560.0,128205.02,-3354.98,-2.55,121440.0,119333.29,-2106.71,48.0,48.21,16,6,1,USD,Amber
2023-11-01,2023,11,Nov 2023,Q4,Latin America,Mexico,Data & Analytics,AI Analytics,3,184000.0,169480.58,-14519.42,-7.89,106720.0,108340.04,1620.04,1.52,77280.0,61140.54,-16139.46,42.0,36.08,15,7,0,USD,Red
2023-11-01,2023,11,Nov 2023,Q4,Latin America,Mexico,Professional Services,Implementation,8,136500.0,130248.16,-6251.84,-4.58,88725.0,90136.68,1411.68,1.59,47775.0,40111.48,-7663.52,35.0,30.8,6,14,2,USD,Red
2023-11-01,2023,11,Nov 2023,Q4,Latin America,Mexico,Hardware,Networking Equipment,10,100800.0,103675.44,2875.44,2.85,72576.0,77540.89,4964.89,6.84,28224.0,26134.55,-2089.45,28.0,25.21,6,11,0,USD,Amber
2023-12-01,2023,12,Dec 2023,Q4,North America,United States,Cloud Solutions,Cloud Storage,4,1003000.0,923041.53,-79958.47,-7.97,521560.0,563879.56,42319.56,8.11,481440.0,359161.97,-122278.03,48.0,38.91,24,4,0,USD,Red
2023-12-01,2023,12,Dec 2023,Q4,North America,United States,Data & Analytics,BI Tools,12,731600.0,737900.05,6300.05,0.86,424328.0,434798.82,10470.82,2.47,307272.0,303101.23,-4170.77,42.0,41.08,8,2,1,USD,Amber
2023-12-01,2023,12,Dec 2023,Q4,North America,United States,Professional Services,Training,11,361000.0,328335.87,-32664.13,-9.05,234650.0,235231.29,581.29,0.25,126350.0,93104.58,-33245.42,35.0,28.36,28,8,5,USD,Red
2023-12-01,2023,12,Dec 2023,Q4,North America,United States,Hardware,Networking Equipment,9,313200.0,333696.32,20496.32,6.54,225504.0,215959.27,-9544.73,-4.23,87696.0,117737.05,30041.05,28.0,35.28,8,2,3,USD,Green
2023-12-01,2023,12,Dec 2023,Q4,Europe,Netherlands,Cloud Solutions,Cloud Security,7,731600.0,727453.94,-4146.06,-0.57,380432.0,391961.88,11529.88,3.03,351168.0,335492.06,-15675.94,48.0,46.12,5,9,0,USD,Amber
2023-12-01,2023,12,Dec 2023,Q4,Europe,Netherlands,Data & Analytics,Data Integration,6,566400.0,562924.89,-3475.11,-0.61,328512.0,329378.2,866.2,0.26,237888.0,233546.69,-4341.31,42.0,41.49,15,2,5,USD,Amber
2023-12-01,2023,12,Dec 2023,Q4,Europe,Netherlands,Professional Services,Implementation,11,294500.0,281680.35,-12819.65,-4.35,191425.0,185401.71,-6023.29,-3.15,103075.0,96278.64,-6796.36,35.0,34.18,18,9,5,USD,Red
2023-12-01,2023,12,Dec 2023,Q4,Europe,Netherlands,Hardware,Servers,5,226800.0,205501.13,-21298.87,-9.39,163296.0,166992.46,3696.46,2.26,63504.0,38508.67,-24995.33,28.0,18.74,24,6,4,USD,Red
2023-12-01,2023,12,Dec 2023,Q4,Asia Pacific,Australia,Cloud Solutions,Cloud Security,7,566400.0,579150.09,12750.09,2.25,294528.0,297947.85,3419.85,1.16,271872.0,281202.24,9330.24,48.0,48.55,7,12,0,USD,Amber
2023-12-01,2023,12,Dec 2023,Q4,Asia Pacific,Australia,Data & Analytics,AI Analytics,9,413000.0,412877.35,-122.65,-0.03,239540.0,237388.82,-2151.18,-0.9,173460.0,175488.53,2028.53,42.0,42.5,26,8,4,USD,Amber
2023-12-01,2023,12,Dec 2023,Q4,Asia Pacific,Australia,Professional Services,Training,8,209000.0,201889.94,-7110.06,-3.4,135850.0,132560.12,-3289.88,-2.42,73150.0,69329.82,-3820.18,35.0,34.34,13,7,2,USD,Red
2023-12-01,2023,12,Dec 2023,Q4,Asia Pacific,Australia,Hardware,Servers,7,194400.0,200452.53,6052.53,3.11,139968.0,132129.33,-7838.67,-5.6,54432.0,68323.2,13891.2,28.0,34.08,6,2,4,USD,Green
2023-12-01,2023,12,Dec 2023,Q4,Middle East & Africa,South Africa,Cloud Solutions,Cloud Storage,4,330400.0,333218.45,2818.45,0.85,171808.0,185230.39,13422.39,7.81,158592.0,147988.06,-10603.94,48.0,44.41,23,6,0,USD,Amber
2023-12-01,2023,12,Dec 2023,Q4,Middle East & Africa,South Africa,Data & Analytics,AI Analytics,12,224200.0,210949.04,-13250.96,-5.91,130036.0,120105.11,-9930.89,-7.64,94164.0,90843.93,-3320.07,42.0,43.06,13,12,5,USD,Red
2023-12-01,2023,12,Dec 2023,Q4,Middle East & Africa,South Africa,Professional Services,Consulting,6,142500.0,153183.57,10683.57,7.5,92625.0,96841.39,4216.39,4.55,49875.0,56342.18,6467.18,35.0,36.78,6,9,3,USD,Green
2023-12-01,2023,12,Dec 2023,Q4,Middle East & Africa,South Africa,Hardware,Networking Equipment,12,129600.0,135373.79,5773.79,4.46,93312.0,88185.54,-5126.46,-5.49,36288.0,47188.25,10900.25,28.0,34.86,27,15,4,USD,Green
2023-12-01,2023,12,Dec 2023,Q4,Latin America,Brazil,Cloud Solutions,Cloud Security,7,259600.0,253299.15,-6300.85,-2.43,134992.0,129343.51,-5648.49,-4.18,124608.0,123955.64,-652.36,48.0,48.94,4,5,1,USD,Amber
2023-12-01,2023,12,Dec 2023,Q4,Latin America,Brazil,Data & Analytics,BI Tools,5,188800.0,180163.51,-8636.49,-4.57,109504.0,115764.77,6260.77,5.72,79296.0,64398.74,-14897.26,42.0,35.74,10,3,1,USD,Red
2023-12-01,2023,12,Dec 2023,Q4,Latin America,Brazil,Professional Services,Implementation,10,123500.0,121030.72,-2469.28,-2.0,80275.0,85699.19,5424.19,6.76,43225.0,35331.53,-7893.47,35.0,29.19,20,14,5,USD,Amber
2023-12-01,2023,12,Dec 2023,Q4,Latin America,Brazil,Hardware,Servers,4,97200.0,91904.57,-5295.43,-5.45,69984.0,65114.08,-4869.92,-6.96,27216.0,26790.49,-425.51,28.0,29.15,23,10,3,USD,Red
2024-01-01,2024,1,Jan 2024,Q1,North America,United States,Cloud Solutions,SaaS Platform,4,837760.0,878649.78,40889.78,4.88,435635.2,459921.3,24286.1,5.57,402124.8,418728.48,16603.68,48.0,47.66,23,12,3,USD,Green
2024-01-01,2024,1,Jan 2024,Q1,North America,United States,Data & Analytics,BI Tools,9,611072.0,570524.53,-40547.47,-6.64,354421.76,365734.97,11313.21,3.19,256650.24,204789.56,-51860.68,42.0,35.89,11,10,2,USD,Red
2024-01-01,2024,1,Jan 2024,Q1,North America,United States,Professional Services,Training,6,361760.0,368718.24,6958.24,1.92,235144.0,228430.46,-6713.54,-2.86,126616.0,140287.78,13671.78,35.0,38.05,11,13,3,USD,Amber
2024-01-01,2024,1,Jan 2024,Q1,North America,United States,Hardware,Servers,9,292320.0,266552.83,-25767.17,-8.81,210470.4,225539.96,15069.56,7.16,81849.6,41012.87,-40836.73,28.0,15.39,18,13,2,USD,Red
2024-01-01,2024,1,Jan 2024,Q1,Europe,Netherlands,Cloud Solutions,Cloud Security,11,611072.0,523141.55,-87930.45,-14.39,317757.44,312076.15,-5681.29,-1.79,293314.56,211065.4,-82249.16,48.0,40.35,10,3,2,USD,Red
2024-01-01,2024,1,Jan 2024,Q1,Europe,Netherlands,Data & Analytics,BI Tools,3,473088.0,441313.66,-31774.34,-6.72,274391.04,257068.82,-17322.22,-6.31,198696.96,184244.84,-14452.12,42.0,41.75,21,12,4,USD,Red
2024-01-01,2024,1,Jan 2024,Q1,Europe,Netherlands,Professional Services,Implementation,9,295120.0,291503.93,-3616.07,-1.23,191828.0,204535.82,12707.82,6.62,103292.0,86968.11,-16323.89,35.0,29.83,12,15,4,USD,Amber
2024-01-01,2024,1,Jan 2024,Q1,Europe,Netherlands,Hardware,Servers,9,211680.0,216512.64,4832.64,2.28,152409.6,150074.86,-2334.74,-1.53,59270.4,66437.78,7167.38,28.0,30.69,11,15,2,USD,Amber
2024-01-01,2024,1,Jan 2024,Q1,Asia Pacific,Japan,Cloud Solutions,Cloud Storage,8,473088.0,509477.72,36389.72,7.69,246005.76,249821.77,3816.01,1.55,227082.24,259655.95,32573.71,48.0,50.97,11,2,2,USD,Green
2024-01-01,2024,1,Jan 2024,Q1,Asia Pacific,Japan,Data & Analytics,BI Tools,12,344960.0,395500.31,50540.31,14.65,200076.8,203335.79,3258.99,1.63,144883.2,192164.52,47281.32,42.0,48.59,26,6,1,USD,Green
2024-01-01,2024,1,Jan 2024,Q1,Asia Pacific,Japan,Professional Services,Implementation,4,209440.0,238789.48,29349.48,14.01,136136.0,139034.57,2898.57,2.13,73304.0,99754.91,26450.91,35.0,41.78,19,13,5,USD,Green
2024-01-01,2024,1,Jan 2024,Q1,Asia Pacific,Japan,Hardware,Networking Equipment,2,181440.0,182195.03,755.03,0.42,130636.8,130806.98,170.18,0.13,50803.2,51388.05,584.85,28.0,28.2,6,5,1,USD,Amber
2024-01-01,2024,1,Jan 2024,Q1,Middle East & Africa,UAE,Cloud Solutions,Cloud Security,3,275968.0,299834.37,23866.37,8.65,143503.36,140618.37,-2884.99,-2.01,132464.64,159216.0,26751.36,48.0,53.1,17,13,2,USD,Green
2024-01-01,2024,1,Jan 2024,Q1,Middle East & Africa,UAE,Data & Analytics,BI Tools,12,187264.0,188026.37,762.37,0.41,108613.12,109902.57,1289.45,1.19,78650.88,78123.8,-527.08,42.0,41.55,17,13,4,USD,Amber
2024-01-01,2024,1,Jan 2024,Q1,Middle East & Africa,UAE,Professional Services,Consulting,11,142800.0,159285.46,16485.46,11.54,92820.0,95537.47,2717.47,2.93,49980.0,63747.99,13767.99,35.0,40.02,19,9,0,USD,Green
2024-01-01,2024,1,Jan 2024,Q1,Middle East & Africa,UAE,Hardware,Servers,11,120960.0,120987.07,27.07,0.02,87091.2,84256.75,-2834.45,-3.25,33868.8,36730.32,2861.52,28.0,30.36,4,6,1,USD,Amber
2024-01-01,2024,1,Jan 2024,Q1,Latin America,Mexico,Cloud Solutions,SaaS Platform,3,216832.0,216179.68,-652.32,-0.3,112752.64,111114.04,-1638.6,-1.45,104079.36,105065.64,986.28,48.0,48.6,15,9,4,USD,Amber
2024-01-01,2024,1,Jan 2024,Q1,Latin America,Mexico,Data & Analytics,AI Analytics,8,157696.0,161827.38,4131.38,2.62,91463.68,87222.08,-4241.6,-4.64,66232.32,74605.3,8372.98,42.0,46.1,4,14,3,USD,Amber
2024-01-01,2024,1,Jan 2024,Q1,Latin America,Mexico,Professional Services,Implementation,2,123760.0,111234.67,-12525.33,-10.12,80444.0,73621.49,-6822.51,-8.48,43316.0,37613.18,-5702.82,35.0,33.81,12,6,0,USD,Red
2024-01-01,2024,1,Jan 2024,Q1,Latin America,Mexico,Hardware,Networking Equipment,11,90720.0,92071.02,1351.02,1.49,65318.4,69135.15,3816.75,5.84,25401.6,22935.87,-2465.73,28.0,24.91,7,12,2,USD,Amber
2024-02-01,2024,2,Feb 2024,Q1,North America,United States,Cloud Solutions,SaaS Platform,4,856800.0,837351.67,-19448.33,-2.27,445536.0,458505.68,12969.68,2.91,411264.0,378845.99,-32418.01,48.0,45.24,24,14,5,USD,Amber
2024-02-01,2024,2,Feb 2024,Q1,North America,United States,Data & Analytics,Data Integration,4,624960.0,673689.42,48729.42,7.8,362476.8,360487.61,-1989.19,-0.55,262483.2,313201.81,50718.61,42.0,46.49,9,2,5,USD,Green
2024-02-01,2024,2,Feb 2024,Q1,North America,United States,Professional Services,Consulting,2,383040.0,401877.56,18837.56,4.92,248976.0,250514.97,1538.97,0.62,134064.0,151362.59,17298.59,35.0,37.66,10,6,2,USD,Green
2024-02-01,2024,2,Feb 2024,Q1,North America,United States,Hardware,Networking Equipment,2,298816.0,324190.06,25374.06,8.49,215147.52,214412.0,-735.52,-0.34,83668.48,109778.06,26109.58,28.0,33.86,12,13,5,USD,Green
2024-02-01,2024,2,Feb 2024,Q1,Europe,United Kingdom,Cloud Solutions,Cloud Storage,7,624960.0,590527.79,-34432.21,-5.51,324979.2,342702.34,17723.14,5.45,299980.8,247825.45,-52155.35,48.0,41.97,24,5,0,USD,Red
2024-02-01,2024,2,Feb 2024,Q1,Europe,United Kingdom,Data & Analytics,Data Integration,8,483840.0,461606.92,-22233.08,-4.6,280627.2,285005.37,4378.17,1.56,203212.8,176601.55,-26611.25,42.0,38.26,18,6,1,USD,Red
2024-02-01,2024,2,Feb 2024,Q1,Europe,United Kingdom,Professional Services,Consulting,6,312480.0,309217.7,-3262.3,-1.04,203112.0,195847.01,-7264.99,-3.58,109368.0,113370.69,4002.69,35.0,36.66,20,13,0,USD,Amber
2024-02-01,2024,2,Feb 2024,Q1,Europe,United Kingdom,Hardware,Networking Equipment,10,216384.0,234057.92,17673.92,8.17,155796.48,159824.19,4027.71,2.59,60587.52,74233.73,13646.21,28.0,31.72,9,5,2,USD,Green
2024-02-01,2024,2,Feb 2024,Q1,Asia Pacific,Japan,Cloud Solutions,SaaS Platform,11,483840.0,477248.86,-6591.14,-1.36,251596.8,259032.66,7435.86,2.96,232243.2,218216.2,-14027.0,48.0,45.72,18,12,3,USD,Amber
2024-02-01,2024,2,Feb 2024,Q1,Asia Pacific,Japan,Data & Analytics,BI Tools,7,352800.0,349047.95,-3752.05,-1.06,204624.0,197544.83,-7079.17,-3.46,148176.0,151503.12,3327.12,42.0,43.4,5,10,3,USD,Amber
2024-02-01,2024,2,Feb 2024,Q1,Asia Pacific,Japan,Professional Services,Consulting,3,221760.0,208899.2,-12860.8,-5.8,144144.0,136299.19,-7844.81,-5.44,77616.0,72600.01,-5015.99,35.0,34.75,5,11,5,USD,Red
2024-02-01,2024,2,Feb 2024,Q1,Asia Pacific,Japan,Hardware,Networking Equipment,4,185472.0,174260.67,-11211.33,-6.04,133539.84,140807.73,7267.89,5.44,51932.16,33452.94,-18479.22,28.0,19.2,25,1,1,USD,Red
2024-02-01,2024,2,Feb 2024,Q1,Middle East & Africa,South Africa,Cloud Solutions,SaaS Platform,7,282240.0,293780.26,11540.26,4.09,146764.8,149834.07,3069.27,2.09,135475.2,143946.19,8470.99,48.0,49.0,24,6,3,USD,Green
2024-02-01,2024,2,Feb 2024,Q1,Middle East & Africa,South Africa,Data & Analytics,AI Analytics,7,191520.0,199930.92,8410.92,4.39,111081.6,111599.86,518.26,0.47,80438.4,88331.06,7892.66,42.0,44.18,18,6,3,USD,Green
2024-02-01,2024,2,Feb 2024,Q1,Middle East & Africa,South Africa,Professional Services,Implementation,7,151200.0,142752.56,-8447.44,-5.59,98280.0,96117.71,-2162.29,-2.2,52920.0,46634.85,-6285.15,35.0,32.67,16,11,2,USD,Red
2024-02-01,2024,2,Feb 2024,Q1,Middle East & Africa,South Africa,Hardware,Servers,9,123648.0,126532.48,2884.48,2.33,89026.56,88826.21,-200.35,-0.23,34621.44,37706.27,3084.83,28.0,29.8,9,9,3,USD,Amber
2024-02-01,2024,2,Feb 2024,Q1,Latin America,Brazil,Cloud Solutions,Cloud Storage,11,221760.0,227221.06,5461.06,2.46,115315.2,108205.76,-7109.44,-6.17,106444.8,119015.3,12570.5,48.0,52.38,10,5,5,USD,Amber
2024-02-01,2024,2,Feb 2024,Q1,Latin America,Brazil,Data & Analytics,Data Integration,9,161280.0,164502.37,3222.37,2.0,93542.4,95465.17,1922.77,2.06,67737.6,69037.2,1299.6,42.0,41.97,6,3,5,USD,Amber
2024-02-01,2024,2,Feb 2024,Q1,Latin America,Brazil,Professional Services,Consulting,12,131040.0,146689.07,15649.07,11.94,85176.0,85069.11,-106.89,-0.13,45864.0,61619.96,15755.96,35.0,42.01,14,6,5,USD,Green
2024-02-01,2024,2,Feb 2024,Q1,Latin America,Brazil,Hardware,Servers,4,92736.0,89280.37,-3455.63,-3.73,66769.92,66086.38,-683.54,-1.02,25966.08,23193.99,-2772.09,28.0,25.98,13,12,5,USD,Red
2024-03-01,2024,3,Mar 2024,Q1,North America,United States,Cloud Solutions,Cloud Storage,4,999600.0,979132.96,-20467.04,-2.05,519792.0,519210.44,-581.56,-0.11,479808.0,459922.52,-19885.48,48.0,46.97,10,4,3,USD,Amber
2024-03-01,2024,3,Mar 2024,Q1,North America,United States,Data & Analytics,BI Tools,10,729120.0,699821.44,-29298.56,-4.02,422889.6,439796.82,16907.22,4.0,306230.4,260024.62,-46205.78,42.0,37.16,18,3,4,USD,Red
2024-03-01,2024,3,Mar 2024,Q1,North America,United States,Professional Services,Implementation,9,434112.0,462493.22,28381.22,6.54,282172.8,286739.06,4566.26,1.62,151939.2,175754.16,23814.96,35.0,38.0,26,9,3,USD,Green
2024-03-01,2024,3,Mar 2024,Q1,North America,United States,Hardware,Networking Equipment,12,324800.0,331440.09,6640.09,2.04,233856.0,230576.32,-3279.68,-1.4,90944.0,100863.77,9919.77,28.0,30.43,14,2,3,USD,Amber
2024-03-01,2024,3,Mar 2024,Q1,Europe,Netherlands,Cloud Solutions,Cloud Security,10,729120.0,713618.78,-15501.22,-2.13,379142.4,378277.11,-865.29,-0.23,349977.6,335341.67,-14635.93,48.0,46.99,28,11,4,USD,Amber
2024-03-01,2024,3,Mar 2024,Q1,Europe,Netherlands,Data & Analytics,BI Tools,2,564480.0,572109.71,7629.71,1.35,327398.4,320557.51,-6840.89,-2.09,237081.6,251552.2,14470.6,42.0,43.97,20,14,0,USD,Amber
2024-03-01,2024,3,Mar 2024,Q1,Europe,Netherlands,Professional Services,Training,5,354144.0,364980.7,10836.7,3.06,230193.6,234722.76,4529.16,1.97,123950.4,130257.94,6307.54,35.0,35.69,14,6,4,USD,Green
2024-03-01,2024,3,Mar 2024,Q1,Europe,Netherlands,Hardware,Networking Equipment,10,235200.0,243629.08,8429.08,3.58,169344.0,165105.47,-4238.53,-2.5,65856.0,78523.61,12667.61,28.0,32.23,24,5,1,USD,Green
2024-03-01,2024,3,Mar 2024,Q1,Asia Pacific,Singapore,Cloud Solutions,Cloud Storage,4,564480.0,558836.91,-5643.09,-1.0,293529.6,290104.61,-3424.99,-1.17,270950.4,268732.3,-2218.1,48.0,48.09,24,10,4,USD,Amber
2024-03-01,2024,3,Mar 2024,Q1,Asia Pacific,Singapore,Data & Analytics,BI Tools,7,411600.0,432138.63,20538.63,4.99,238728.0,250488.04,11760.04,4.93,172872.0,181650.59,8778.59,42.0,42.04,23,14,4,USD,Green
2024-03-01,2024,3,Mar 2024,Q1,Asia Pacific,Singapore,Professional Services,Implementation,12,251328.0,255488.65,4160.65,1.66,163363.2,161967.3,-1395.9,-0.85,87964.8,93521.35,5556.55,35.0,36.6,5,13,4,USD,Amber
2024-03-01,2024,3,Mar 2024,Q1,Asia Pacific,Singapore,Hardware,Networking Equipment,11,201600.0,191599.97,-10000.03,-4.96,145152.0,137093.75,-8058.25,-5.55,56448.0,54506.22,-1941.78,28.0,28.45,17,11,0,USD,Red
2024-03-01,2024,3,Mar 2024,Q1,Middle East & Africa,South Africa,Cloud Solutions,Cloud Security,9,329280.0,305411.4,-23868.6,-7.25,171225.6,168452.92,-2772.68,-1.62,158054.4,136958.48,-21095.92,48.0,44.84,13,4,5,USD,Red
2024-03-01,2024,3,Mar 2024,Q1,Middle East & Africa,South Africa,Data & Analytics,Data Integration,4,223440.0,224141.89,701.89,0.31,129595.2,131524.23,1929.03,1.49,93844.8,92617.66,-1227.14,42.0,41.32,5,8,3,USD,Amber
2024-03-01,2024,3,Mar 2024,Q1,Middle East & Africa,South Africa,Professional Services,Consulting,7,171360.0,163930.54,-7429.46,-4.34,111384.0,112284.2,900.2,0.81,59976.0,51646.34,-8329.66,35.0,31.51,8,14,5,USD,Red
2024-03-01,2024,3,Mar 2024,Q1,Middle East & Africa,South Africa,Hardware,Networking Equipment,4,134400.0,134156.86,-243.14,-0.18,96768.0,89119.41,-7648.59,-7.9,37632.0,45037.45,7405.45,28.0,33.57,16,13,2,USD,Amber
2024-03-01,2024,3,Mar 2024,Q1,Latin America,Brazil,Cloud Solutions,Cloud Storage,5,258720.0,261719.03,2999.03,1.16,134534.4,137282.08,2747.68,2.04,124185.6,124436.95,251.35,48.0,47.55,18,3,0,USD,Amber
2024-03-01,2024,3,Mar 2024,Q1,Latin America,Brazil,Data & Analytics,BI Tools,8,188160.0,187262.79,-897.21,-0.48,109132.8,113294.57,4161.77,3.81,79027.2,73968.22,-5058.98,42.0,39.5,23,4,1,USD,Amber
2024-03-01,2024,3,Mar 2024,Q1,Latin America,Brazil,Professional Services,Consulting,4,148512.0,163021.6,14509.6,9.77,96532.8,94037.7,-2495.1,-2.58,51979.2,68983.9,17004.7,35.0,42.32,10,8,4,USD,Green
2024-03-01,2024,3,Mar 2024,Q1,Latin America,Brazil,Hardware,Networking Equipment,3,100800.0,96612.85,-4187.15,-4.15,72576.0,72595.43,19.43,0.03,28224.0,24017.42,-4206.58,28.0,24.86,4,7,4,USD,Red
2024-04-01,2024,4,Apr 2024,Q2,North America,Canada,Cloud Solutions,SaaS Platform,6,971040.0,992560.3,21520.3,2.22,504940.8,523335.13,18394.33,3.64,466099.2,469225.17,3125.97,48.0,47.27,5,8,4,USD,Amber
2024-04-01,2024,4,Apr 2024,Q2,North America,Canada,Data & Analytics,AI Analytics,3,708288.0,699060.8,-9227.2,-1.3,410807.04,398892.28,-11914.76,-2.9,297480.96,300168.52,2687.56,42.0,42.94,4,7,1,USD,Amber
2024-04-01,2024,4,Apr 2024,Q2,North America,Canada,Professional Services,Consulting,2,446880.0,444932.3,-1947.7,-0.44,290472.0,270928.21,-19543.79,-6.73,156408.0,174004.09,17596.09,35.0,39.11,15,7,0,USD,Amber
2024-04-01,2024,4,Apr 2024,Q2,North America,Canada,Hardware,Servers,10,318304.0,311249.35,-7054.65,-2.22,229178.88,234930.8,5751.92,2.51,89125.12,76318.55,-12806.57,28.0,24.52,16,8,4,USD,Amber
2024-04-01,2024,4,Apr 2024,Q2,Europe,France,Cloud Solutions,Cloud Security,8,708288.0,706318.6,-1969.4,-0.28,368309.76,361597.32,-6712.44,-1.82,339978.24,344721.28,4743.04,48.0,48.81,7,6,2,USD,Amber
2024-04-01,2024,4,Apr 2024,Q2,Europe,France,Data & Analytics,AI Analytics,11,548352.0,605004.27,56652.27,10.33,318044.16,310059.03,-7985.13,-2.51,230307.84,294945.24,64637.4,42.0,48.75,10,9,3,USD,Green
2024-04-01,2024,4,Apr 2024,Q2,Europe,France,Professional Services,Training,7,364560.0,374172.39,9612.39,2.64,236964.0,237632.29,668.29,0.28,127596.0,136540.1,8944.1,35.0,36.49,26,13,3,USD,Amber
2024-04-01,2024,4,Apr 2024,Q2,Europe,France,Hardware,Networking Equipment,7,230496.0,250149.01,19653.01,8.53,165957.12,177259.37,11302.25,6.81,64538.88,72889.64,8350.76,28.0,29.14,8,15,4,USD,Green
2024-04-01,2024,4,Apr 2024,Q2,Asia Pacific,Australia,Cloud Solutions,SaaS Platform,11,548352.0,518204.52,-30147.48,-5.5,285143.04,294981.13,9838.09,3.45,263208.96,223223.39,-39985.57,48.0,43.08,13,6,4,USD,Red
2024-04-01,2024,4,Apr 2024,Q2,Asia Pacific,Australia,Data & Analytics,AI Analytics,9,399840.0,366932.09,-32907.91,-8.23,231907.2,228966.91,-2940.29,-1.27,167932.8,137965.18,-29967.62,42.0,37.6,13,14,0,USD,Red
2024-04-01,2024,4,Apr 2024,Q2,Asia Pacific,Australia,Professional Services,Consulting,11,258720.0,257652.81,-1067.19,-0.41,168168.0,170996.1,2828.1,1.68,90552.0,86656.71,-3895.29,35.0,33.63,17,5,5,USD,Amber
2024-04-01,2024,4,Apr 2024,Q2,Asia Pacific,Australia,Hardware,Servers,11,197568.0,191904.51,-5663.49,-2.87,142248.96,139692.16,-2556.8,-1.8,55319.04,52212.35,-3106.69,28.0,27.21,24,10,1,USD,Amber
2024-04-01,2024,4,Apr 2024,Q2,Middle East & Africa,UAE,Cloud Solutions,Cloud Security,11,319872.0,299854.01,-20017.99,-6.26,166333.44,167327.15,993.71,0.6,153538.56,132526.86,-21011.7,48.0,44.2,27,13,3,USD,Red
2024-04-01,2024,4,Apr 2024,Q2,Middle East & Africa,UAE,Data & Analytics,BI Tools,3,217056.0,223447.67,6391.67,2.94,125892.48,122515.9,-3376.58,-2.68,91163.52,100931.77,9768.25,42.0,45.17,22,4,0,USD,Amber
2024-04-01,2024,4,Apr 2024,Q2,Middle East & Africa,UAE,Professional Services,Consulting,5,176400.0,175800.96,-599.04,-0.34,114660.0,117080.65,2420.65,2.11,61740.0,58720.31,-3019.69,35.0,33.4,26,7,4,USD,Amber
2024-04-01,2024,4,Apr 2024,Q2,Middle East & Africa,UAE,Hardware,Networking Equipment,4,131712.0,142021.18,10309.18,7.83,94832.64,90396.43,-4436.21,-4.68,36879.36,51624.75,14745.39,28.0,36.35,5,9,1,USD,Green
2024-04-01,2024,4,Apr 2024,Q2,Latin America,Mexico,Cloud Solutions,Cloud Security,9,251328.0,239310.74,-12017.26,-4.78,130690.56,131379.36,688.8,0.53,120637.44,107931.38,-12706.06,48.0,45.1,9,15,4,USD,Red
2024-04-01,2024,4,Apr 2024,Q2,Latin America,Mexico,Data & Analytics,Data Integration,12,182784.0,168840.45,-13943.55,-7.63,106014.72,104189.98,-1824.74,-1.72,76769.28,64650.47,-12118.81,42.0,38.29,27,11,5,USD,Red
2024-04-01,2024,4,Apr 2024,Q2,Latin America,Mexico,Professional Services,Consulting,6,152880.0,149791.97,-3088.03,-2.02,99372.0,97715.32,-1656.68,-1.67,53508.0,52076.65,-1431.35,35.0,34.77,11,9,2,USD,Amber
2024-04-01,2024,4,Apr 2024,Q2,Latin America,Mexico,Hardware,Servers,6,98784.0,115478.08,16694.08,16.9,71124.48,68220.68,-2903.8,-4.08,27659.52,47257.4,19597.88,28.0,40.92,28,12,1,USD,Green
2024-05-01,2024,5,May 2024,Q2,North America,Canada,Cloud Solutions,Cloud Storage,6,952000.0,888866.51,-63133.49,-6.63,495040.0,498253.41,3213.41,0.65,456960.0,390613.1,-66346.9,48.0,43.95,27,5,0,USD,Red
2024-05-01,2024,5,May 2024,Q2,North America,Canada,Data & Analytics,AI Analytics,7,694400.0,683229.35,-11170.65,-1.61,402752.0,388651.75,-14100.25,-3.5,291648.0,294577.6,2929.6,42.0,43.12,16,13,1,USD,Amber
2024-05-01,2024,5,May 2024,Q2,North America,Canada,Professional Services,Consulting,7,459648.0,530617.0,70969.0,15.44,298771.2,306555.29,7784.09,2.61,160876.8,224061.71,63184.91,35.0,42.23,6,15,3,USD,Green
2024-05-01,2024,5,May 2024,Q2,North America,Canada,Hardware,Networking Equipment,6,308560.0,311430.77,2870.77,0.93,222163.2,215997.28,-6165.92,-2.78,86396.8,95433.49,9036.69,28.0,30.64,21,15,4,USD,Amber
2024-05-01,2024,5,May 2024,Q2,Europe,France,Cloud Solutions,SaaS Platform,5,694400.0,754315.43,59915.43,8.63,361088.0,376129.84,15041.84,4.17,333312.0,378185.59,44873.59,48.0,50.14,11,1,5,USD,Green
2024-05-01,2024,5,May 2024,Q2,Europe,France,Data & Analytics,AI Analytics,8,537600.0,546551.97,8951.97,1.67,311808.0,320783.05,8975.05,2.88,225792.0,225768.92,-23.08,42.0,41.31,7,6,5,USD,Amber
2024-05-01,2024,5,May 2024,Q2,Europe,France,Professional Services,Consulting,10,374976.0,409889.27,34913.27,9.31,243734.4,253616.58,9882.18,4.05,131241.6,156272.69,25031.09,35.0,38.13,4,15,1,USD,Green
2024-05-01,2024,5,May 2024,Q2,Europe,France,Hardware,Networking Equipment,9,223440.0,209835.75,-13604.25,-6.09,160876.8,150002.51,-10874.29,-6.76,62563.2,59833.24,-2729.96,28.0,28.51,19,11,1,USD,Red
2024-05-01,2024,5,May 2024,Q2,Asia Pacific,Australia,Cloud Solutions,Cloud Storage,3,537600.0,540489.9,2889.9,0.54,279552.0,283360.96,3808.96,1.36,258048.0,257128.94,-919.06,48.0,47.57,28,11,4,USD,Amber
2024-05-01,2024,5,May 2024,Q2,Asia Pacific,Australia,Data & Analytics,BI Tools,4,392000.0,359142.51,-32857.49,-8.38,227360.0,224167.02,-3192.98,-1.4,164640.0,134975.49,-29664.51,42.0,37.58,5,7,1,USD,Red
2024-05-01,2024,5,May 2024,Q2,Asia Pacific,Australia,Professional Services,Implementation,4,266112.0,284830.11,18718.11,7.03,172972.8,172849.14,-123.66,-0.07,93139.2,111980.97,18841.77,35.0,39.32,19,15,5,USD,Green
2024-05-01,2024,5,May 2024,Q2,Asia Pacific,Australia,Hardware,Networking Equipment,11,191520.0,194556.07,3036.07,1.59,137894.4,137368.04,-526.36,-0.38,53625.6,57188.03,3562.43,28.0,29.39,22,2,2,USD,Amber
2024-05-01,2024,5,May 2024,Q2,Middle East & Africa,South Africa,Cloud Solutions,Cloud Storage,4,313600.0,340238.06,26638.06,8.49,163072.0,162513.11,-558.89,-0.34,150528.0,177724.95,27196.95,48.0,52.24,19,14,4,USD,Green
2024-05-01,2024,5,May 2024,Q2,Middle East & Africa,South Africa,Data & Analytics,Data Integration,4,212800.0,211606.75,-1193.25,-0.56,123424.0,132312.38,8888.38,7.2,89376.0,79294.37,-10081.63,42.0,37.47,14,12,3,USD,Amber
2024-05-01,2024,5,May 2024,Q2,Middle East & Africa,South Africa,Professional Services,Training,7,181440.0,182935.52,1495.52,0.82,117936.0,120961.13,3025.13,2.57,63504.0,61974.39,-1529.61,35.0,33.88,27,13,2,USD,Amber
2024-05-01,2024,5,May 2024,Q2,Middle East & Africa,South Africa,Hardware,Servers,8,127680.0,135763.86,8083.86,6.33,91929.6,98391.81,6462.21,7.03,35750.4,37372.05,1621.65,28.0,27.53,16,9,2,USD,Green
2024-05-01,2024,5,May 2024,Q2,Latin America,Brazil,Cloud Solutions,Cloud Storage,9,246400.0,244272.67,-2127.33,-0.86,128128.0,125264.58,-2863.42,-2.23,118272.0,119008.09,736.09,48.0,48.72,8,6,1,USD,Amber
2024-05-01,2024,5,May 2024,Q2,Latin America,Brazil,Data & Analytics,BI Tools,6,179200.0,180458.41,1258.41,0.7,103936.0,106975.94,3039.94,2.92,75264.0,73482.47,-1781.53,42.0,40.72,28,6,2,USD,Amber
2024-05-01,2024,5,May 2024,Q2,Latin America,Brazil,Professional Services,Training,7,157248.0,158577.84,1329.84,0.85,102211.2,101600.09,-611.11,-0.6,55036.8,56977.75,1940.95,35.0,35.93,24,12,1,USD,Amber
2024-05-01,2024,5,May 2024,Q2,Latin America,Brazil,Hardware,Servers,8,95760.0,93541.81,-2218.19,-2.32,68947.2,66263.48,-2683.72,-3.89,26812.8,27278.33,465.53,28.0,29.16,9,11,4,USD,Amber
2024-06-01,2024,6,Jun 2024,Q2,North America,Canada,Cloud Solutions,Cloud Security,7,1028160.0,1140076.99,111916.99,10.89,534643.2,566669.23,32026.03,5.99,493516.8,573407.76,79890.96,48.0,50.3,13,10,1,USD,Green
2024-06-01,2024,6,Jun 2024,Q2,North America,Canada,Data & Analytics,BI Tools,11,749952.0,806942.48,56990.48,7.6,434972.16,429718.98,-5253.18,-1.21,314979.84,377223.5,62243.66,42.0,46.75,18,6,3,USD,Green
2024-06-01,2024,6,Jun 2024,Q2,North America,Canada,Professional Services,Training,12,468160.0,442654.64,-25505.36,-5.45,304304.0,300123.17,-4180.83,-1.37,163856.0,142531.47,-21324.53,35.0,32.2,21,14,1,USD,Red
2024-06-01,2024,6,Jun 2024,Q2,North America,Canada,Hardware,Servers,10,331296.0,323268.93,-8027.07,-2.42,238533.12,226900.9,-11632.22,-4.88,92762.88,96368.03,3605.15,28.0,29.81,6,8,4,USD,Amber
2024-06-01,2024,6,Jun 2024,Q2,Europe,France,Cloud Solutions,SaaS Platform,10,749952.0,776503.7,26551.7,3.54,389975.04,386193.7,-3781.34,-0.97,359976.96,390310.0,30333.04,48.0,50.27,21,4,4,USD,Green
2024-06-01,2024,6,Jun 2024,Q2,Europe,France,Data & Analytics,AI Analytics,9,580608.0,604698.63,24090.63,4.15,336752.64,346464.74,9712.1,2.88,243855.36,258233.89,14378.53,42.0,42.7,20,2,5,USD,Green
2024-06-01,2024,6,Jun 2024,Q2,Europe,France,Professional Services,Implementation,9,381920.0,380260.77,-1659.23,-0.43,248248.0,236991.91,-11256.09,-4.53,133672.0,143268.86,9596.86,35.0,37.68,20,13,0,USD,Amber
2024-06-01,2024,6,Jun 2024,Q2,Europe,France,Hardware,Networking Equipment,2,239904.0,252379.82,12475.82,5.2,172730.88,178009.37,5278.49,3.06,67173.12,74370.45,7197.33,28.0,29.47,22,9,3,USD,Green
2024-06-01,2024,6,Jun 2024,Q2,Asia Pacific,Singapore,Cloud Solutions,Cloud Storage,5,580608.0,580569.16,-38.84,-0.01,301916.16,289960.64,-11955.52,-3.96,278691.84,290608.52,11916.68,48.0,50.06,4,10,0,USD,Amber
2024-06-01,2024,6,Jun 2024,Q2,Asia Pacific,Singapore,Data & Analytics,BI Tools,2,423360.0,392601.72,-30758.28,-7.27,245548.8,252582.85,7034.05,2.86,177811.2,140018.87,-37792.33,42.0,35.66,21,15,0,USD,Red
2024-06-01,2024,6,Jun 2024,Q2,Asia Pacific,Singapore,Professional Services,Consulting,4,271040.0,290095.33,19055.33,7.03,176176.0,177607.3,1431.3,0.81,94864.0,112488.03,17624.03,35.0,38.78,28,13,5,USD,Green
2024-06-01,2024,6,Jun 2024,Q2,Asia Pacific,Singapore,Hardware,Networking Equipment,8,205632.0,189369.78,-16262.22,-7.91,148055.04,156907.71,8852.67,5.98,57576.96,32462.07,-25114.89,28.0,17.14,18,7,0,USD,Red
2024-06-01,2024,6,Jun 2024,Q2,Middle East & Africa,UAE,Cloud Solutions,Cloud Security,8,338688.0,348598.79,9910.79,2.93,176117.76,173393.93,-2723.83,-1.55,162570.24,175204.86,12634.62,48.0,50.26,21,9,1,USD,Amber
2024-06-01,2024,6,Jun 2024,Q2,Middle East & Africa,UAE,Data & Analytics,AI Analytics,2,229824.0,258057.69,28233.69,12.28,133297.92,131949.3,-1348.62,-1.01,96526.08,126108.39,29582.31,42.0,48.87,28,5,3,USD,Green
2024-06-01,2024,6,Jun 2024,Q2,Middle East & Africa,UAE,Professional Services,Training,5,184800.0,184400.1,-399.9,-0.22,120120.0,115167.0,-4953.0,-4.12,64680.0,69233.1,4553.1,35.0,37.55,16,4,3,USD,Amber
2024-06-01,2024,6,Jun 2024,Q2,Middle East & Africa,UAE,Hardware,Networking Equipment,3,137088.0,141443.52,4355.52,3.18,98703.36,100814.87,2111.51,2.14,38384.64,40628.65,2244.01,28.0,28.72,27,1,5,USD,Green
2024-06-01,2024,6,Jun 2024,Q2,Latin America,Mexico,Cloud Solutions,Cloud Security,5,266112.0,272108.7,5996.7,2.25,138378.24,126953.2,-11425.04,-8.26,127733.76,145155.5,17421.74,48.0,53.34,4,4,0,USD,Amber
2024-06-01,2024,6,Jun 2024,Q2,Latin America,Mexico,Data & Analytics,BI Tools,2,193536.0,184979.42,-8556.58,-4.42,112250.88,109532.99,-2717.89,-2.42,81285.12,75446.43,-5838.69,42.0,40.79,25,4,5,USD,Red
2024-06-01,2024,6,Jun 2024,Q2,Latin America,Mexico,Professional Services,Implementation,2,160160.0,156022.14,-4137.86,-2.58,104104.0,105857.45,1753.45,1.68,56056.0,50164.69,-5891.31,35.0,32.15,10,3,4,USD,Amber
2024-06-01,2024,6,Jun 2024,Q2,Latin America,Mexico,Hardware,Networking Equipment,7,102816.0,105209.61,2393.61,2.33,74027.52,80591.79,6564.27,8.87,28788.48,24617.82,-4170.66,28.0,23.4,22,10,4,USD,Amber
2024-07-01,2024,7,Jul 2024,Q3,North America,Canada,Cloud Solutions,SaaS Platform,10,875840.0,875260.42,-579.58,-0.07,455436.8,465036.33,9599.53,2.11,420403.2,410224.09,-10179.11,48.0,46.87,25,4,3,USD,Amber
2024-07-01,2024,7,Jul 2024,Q3,North America,Canada,Data & Analytics,Data Integration,4,638848.0,637541.07,-1306.93,-0.2,370531.84,389201.9,18670.06,5.04,268316.16,248339.17,-19976.99,42.0,38.95,22,11,5,USD,Amber
2024-07-01,2024,7,Jul 2024,Q3,North America,Canada,Professional Services,Consulting,12,374528.0,371733.73,-2794.27,-0.75,243443.2,242405.82,-1037.38,-0.43,131084.8,129327.91,-1756.89,35.0,34.79,15,11,3,USD,Amber
2024-07-01,2024,7,Jul 2024,Q3,North America,Canada,Hardware,Networking Equipment,8,308560.0,305368.3,-3191.7,-1.03,222163.2,213573.05,-8590.15,-3.87,86396.8,91795.25,5398.45,28.0,30.06,13,3,4,USD,Amber
2024-07-01,2024,7,Jul 2024,Q3,Europe,Netherlands,Cloud Solutions,SaaS Platform,4,638848.0,664184.88,25336.88,3.97,332200.96,323080.63,-9120.33,-2.75,306647.04,341104.25,34457.21,48.0,51.36,26,13,3,USD,Green
2024-07-01,2024,7,Jul 2024,Q3,Europe,Netherlands,Data & Analytics,BI Tools,10,494592.0,427652.04,-66939.96,-13.53,286863.36,275373.26,-11490.1,-4.01,207728.64,152278.78,-55449.86,42.0,35.61,21,3,3,USD,Red
2024-07-01,2024,7,Jul 2024,Q3,Europe,Netherlands,Professional Services,Implementation,9,305536.0,308076.21,2540.21,0.83,198598.4,205707.89,7109.49,3.58,106937.6,102368.32,-4569.28,35.0,33.23,6,14,2,USD,Amber
2024-07-01,2024,7,Jul 2024,Q3,Europe,Netherlands,Hardware,Servers,6,223440.0,201090.68,-22349.32,-10.0,160876.8,158189.63,-2687.17,-1.67,62563.2,42901.05,-19662.15,28.0,21.33,5,7,5,USD,Red
2024-07-01,2024,7,Jul 2024,Q3,Asia Pacific,Singapore,Cloud Solutions,Cloud Security,11,494592.0,510720.38,16128.38,3.26,257187.84,258171.44,983.6,0.38,237404.16,252548.94,15144.78,48.0,49.45,28,12,5,USD,Green
2024-07-01,2024,7,Jul 2024,Q3,Asia Pacific,Singapore,Data & Analytics,AI Analytics,6,360640.0,367294.33,6654.33,1.85,209171.2,214776.32,5605.12,2.68,151468.8,152518.01,1049.21,42.0,41.52,14,15,0,USD,Amber
2024-07-01,2024,7,Jul 2024,Q3,Asia Pacific,Singapore,Professional Services,Implementation,9,216832.0,249721.65,32889.65,15.17,140940.8,135393.18,-5547.62,-3.94,75891.2,114328.47,38437.27,35.0,45.78,7,15,1,USD,Green
2024-07-01,2024,7,Jul 2024,Q3,Asia Pacific,Singapore,Hardware,Servers,6,191520.0,186666.04,-4853.96,-2.53,137894.4,140361.79,2467.39,1.79,53625.6,46304.25,-7321.35,28.0,24.81,14,7,3,USD,Amber
2024-07-01,2024,7,Jul 2024,Q3,Middle East & Africa,South Africa,Cloud Solutions,Cloud Storage,9,288512.0,289890.35,1378.35,0.48,150026.24,157204.09,7177.85,4.78,138485.76,132686.26,-5799.5,48.0,45.77,19,2,5,USD,Amber
2024-07-01,2024,7,Jul 2024,Q3,Middle East & Africa,South Africa,Data & Analytics,Data Integration,7,195776.0,198487.21,2711.21,1.38,113550.08,109569.93,-3980.15,-3.51,82225.92,88917.28,6691.36,42.0,44.8,10,6,3,USD,Amber
2024-07-01,2024,7,Jul 2024,Q3,Middle East & Africa,South Africa,Professional Services,Implementation,2,147840.0,143522.79,-4317.21,-2.92,96096.0,95055.27,-1040.73,-1.08,51744.0,48467.52,-3276.48,35.0,33.77,8,5,4,USD,Amber
2024-07-01,2024,7,Jul 2024,Q3,Middle East & Africa,South Africa,Hardware,Networking Equipment,8,127680.0,127538.39,-141.61,-0.11,91929.6,94262.53,2332.93,2.54,35750.4,33275.86,-2474.54,28.0,26.09,11,10,1,USD,Amber
2024-07-01,2024,7,Jul 2024,Q3,Latin America,Mexico,Cloud Solutions,Cloud Security,9,226688.0,217294.86,-9393.14,-4.14,117877.76,111961.33,-5916.43,-5.02,108810.24,105333.53,-3476.71,48.0,48.47,12,12,5,USD,Red
2024-07-01,2024,7,Jul 2024,Q3,Latin America,Mexico,Data & Analytics,AI Analytics,4,164864.0,160519.11,-4344.89,-2.64,95621.12,95758.22,137.1,0.14,69242.88,64760.89,-4481.99,42.0,40.34,15,3,5,USD,Amber
2024-07-01,2024,7,Jul 2024,Q3,Latin America,Mexico,Professional Services,Training,12,128128.0,112307.62,-15820.38,-12.35,83283.2,83828.21,545.01,0.65,44844.8,28479.41,-16365.39,35.0,25.36,21,1,4,USD,Red
2024-07-01,2024,7,Jul 2024,Q3,Latin America,Mexico,Hardware,Servers,2,95760.0,97916.43,2156.43,2.25,68947.2,68028.61,-918.59,-1.33,26812.8,29887.82,3075.02,28.0,30.52,25,13,0,USD,Amber
2024-08-01,2024,8,Aug 2024,Q3,North America,Canada,Cloud Solutions,SaaS Platform,4,894880.0,925226.8,30346.8,3.39,465337.6,454051.73,-11285.87,-2.43,429542.4,471175.07,41632.67,48.0,50.93,26,1,1,USD,Green
2024-08-01,2024,8,Aug 2024,Q3,North America,Canada,Data & Analytics,AI Analytics,12,652736.0,645957.83,-6778.17,-1.04,378586.88,380046.26,1459.38,0.39,274149.12,265911.57,-8237.55,42.0,41.17,24,15,4,USD,Amber
2024-08-01,2024,8,Aug 2024,Q3,North America,Canada,Professional Services,Consulting,10,383040.0,384661.86,1621.86,0.42,248976.0,247482.84,-1493.16,-0.6,134064.0,137179.02,3115.02,35.0,35.66,21,7,0,USD,Amber
2024-08-01,2024,8,Aug 2024,Q3,North America,Canada,Hardware,Servers,2,315056.0,303313.02,-11742.98,-3.73,226840.32,225503.69,-1336.63,-0.59,88215.68,77809.33,-10406.35,28.0,25.65,13,9,5,USD,Red
2024-08-01,2024,8,Aug 2024,Q3,Europe,Netherlands,Cloud Solutions,SaaS Platform,5,652736.0,673052.56,20316.56,3.11,339422.72,343228.64,3805.92,1.12,313313.28,329823.92,16510.64,48.0,49.0,8,4,4,USD,Green
2024-08-01,2024,8,Aug 2024,Q3,Europe,Netherlands,Data & Analytics,AI Analytics,3,505344.0,509966.45,4622.45,0.91,293099.52,304066.77,10967.25,3.74,212244.48,205899.68,-6344.8,42.0,40.38,16,6,3,USD,Amber
2024-08-01,2024,8,Aug 2024,Q3,Europe,Netherlands,Professional Services,Consulting,6,312480.0,263251.47,-49228.53,-15.75,203112.0,193294.33,-9817.67,-4.83,109368.0,69957.14,-39410.86,35.0,26.57,11,11,0,USD,Red
2024-08-01,2024,8,Aug 2024,Q3,Europe,Netherlands,Hardware,Servers,9,228144.0,241552.14,13408.14,5.88,164263.68,167820.2,3556.52,2.17,63880.32,73731.94,9851.62,28.0,30.52,21,1,5,USD,Green
2024-08-01,2024,8,Aug 2024,Q3,Asia Pacific,Japan,Cloud Solutions,Cloud Security,12,505344.0,527319.9,21975.9,4.35,262778.88,273673.19,10894.31,4.15,242565.12,253646.71,11081.59,48.0,48.1,17,13,2,USD,Green
2024-08-01,2024,8,Aug 2024,Q3,Asia Pacific,Japan,Data & Analytics,AI Analytics,2,368480.0,431241.93,62761.93,17.03,213718.4,210442.33,-3276.07,-1.53,154761.6,220799.6,66038.0,42.0,51.2,20,4,1,USD,Green
2024-08-01,2024,8,Aug 2024,Q3,Asia Pacific,Japan,Professional Services,Training,3,221760.0,235475.16,13715.16,6.18,144144.0,139891.67,-4252.33,-2.95,77616.0,95583.49,17967.49,35.0,40.59,5,11,2,USD,Green
2024-08-01,2024,8,Aug 2024,Q3,Asia Pacific,Japan,Hardware,Servers,5,195552.0,207329.76,11777.76,6.02,140797.44,150712.06,9914.62,7.04,54754.56,56617.7,1863.14,28.0,27.31,4,10,1,USD,Green
2024-08-01,2024,8,Aug 2024,Q3,Middle East & Africa,South Africa,Cloud Solutions,SaaS Platform,8,294784.0,290788.38,-3995.62,-1.36,153287.68,160812.02,7524.34,4.91,141496.32,129976.36,-11519.96,48.0,44.7,22,11,4,USD,Amber
2024-08-01,2024,8,Aug 2024,Q3,Middle East & Africa,South Africa,Data & Analytics,Data Integration,3,200032.0,187355.47,-12676.53,-6.34,116018.56,121095.38,5076.82,4.38,84013.44,66260.09,-17753.35,42.0,35.37,26,9,5,USD,Red
2024-08-01,2024,8,Aug 2024,Q3,Middle East & Africa,South Africa,Professional Services,Consulting,7,151200.0,161889.24,10689.24,7.07,98280.0,99675.05,1395.05,1.42,52920.0,62214.19,9294.19,35.0,38.43,6,10,4,USD,Green
2024-08-01,2024,8,Aug 2024,Q3,Middle East & Africa,South Africa,Hardware,Networking Equipment,6,130368.0,138492.68,8124.68,6.23,93864.96,93217.35,-647.61,-0.69,36503.04,45275.33,8772.29,28.0,32.69,24,13,3,USD,Green
2024-08-01,2024,8,Aug 2024,Q3,Latin America,Mexico,Cloud Solutions,SaaS Platform,4,231616.0,213525.87,-18090.13,-7.81,120440.32,129464.94,9024.62,7.49,111175.68,84060.93,-27114.75,48.0,39.37,17,11,4,USD,Red
2024-08-01,2024,8,Aug 2024,Q3,Latin America,Mexico,Data & Analytics,AI Analytics,5,168448.0,157455.01,-10992.99,-6.53,97699.84,102298.87,4599.03,4.71,70748.16,55156.14,-15592.02,42.0,35.03,13,12,0,USD,Red
2024-08-01,2024,8,Aug 2024,Q3,Latin America,Mexico,Professional Services,Implementation,4,131040.0,131484.13,444.13,0.34,85176.0,88486.15,3310.15,3.89,45864.0,42997.98,-2866.02,35.0,32.7,24,12,3,USD,Amber
2024-08-01,2024,8,Aug 2024,Q3,Latin America,Mexico,Hardware,Networking Equipment,9,97776.0,97106.65,-669.35,-0.68,70398.72,71345.89,947.17,1.35,27377.28,25760.76,-1616.52,28.0,26.53,13,6,2,USD,Amber
2024-09-01,2024,9,Sep 2024,Q3,North America,United States,Cloud Solutions,SaaS Platform,10,1047200.0,1114606.79,67406.79,6.44,544544.0,556604.53,12060.53,2.21,502656.0,558002.26,55346.26,48.0,50.06,21,9,3,USD,Green
2024-09-01,2024,9,Sep 2024,Q3,North America,United States,Data & Analytics,BI Tools,11,763840.0,813733.78,49893.78,6.53,443027.2,445747.97,2720.77,0.61,320812.8,367985.81,47173.01,42.0,45.22,6,10,2,USD,Green
2024-09-01,2024,9,Sep 2024,Q3,North America,United States,Professional Services,Consulting,3,446880.0,478977.87,32097.87,7.18,290472.0,291402.2,930.2,0.32,156408.0,187575.67,31167.67,35.0,39.16,28,12,4,USD,Green
2024-09-01,2024,9,Sep 2024,Q3,North America,United States,Hardware,Servers,4,341040.0,333229.33,-7810.67,-2.29,245548.8,242932.78,-2616.02,-1.07,95491.2,90296.55,-5194.65,28.0,27.1,16,3,2,USD,Amber
2024-09-01,2024,9,Sep 2024,Q3,Europe,France,Cloud Solutions,Cloud Storage,6,763840.0,754924.14,-8915.86,-1.17,397196.8,397444.89,248.09,0.06,366643.2,357479.25,-9163.95,48.0,47.35,17,7,2,USD,Amber
2024-09-01,2024,9,Sep 2024,Q3,Europe,France,Data & Analytics,Data Integration,12,591360.0,604119.18,12759.18,2.16,342988.8,330274.18,-12714.62,-3.71,248371.2,273845.0,25473.8,42.0,45.33,11,8,4,USD,Amber
2024-09-01,2024,9,Sep 2024,Q3,Europe,France,Professional Services,Training,2,364560.0,371696.4,7136.4,1.96,236964.0,241211.48,4247.48,1.79,127596.0,130484.92,2888.92,35.0,35.11,13,7,2,USD,Amber
2024-09-01,2024,9,Sep 2024,Q3,Europe,France,Hardware,Networking Equipment,8,246960.0,253845.41,6885.41,2.79,177811.2,171814.87,-5996.33,-3.37,69148.8,82030.54,12881.74,28.0,32.32,14,14,5,USD,Amber
2024-09-01,2024,9,Sep 2024,Q3,Asia Pacific,Singapore,Cloud Solutions,SaaS Platform,5,591360.0,582240.18,-9119.82,-1.54,307507.2,323398.79,15891.59,5.17,283852.8,258841.39,-25011.41,48.0,44.46,26,8,2,USD,Amber
2024-09-01,2024,9,Sep 2024,Q3,Asia Pacific,Singapore,Data & Analytics,BI Tools,12,431200.0,501939.02,70739.02,16.41,250096.0,244282.57,-5813.43,-2.32,181104.0,257656.45,76552.45,42.0,51.33,13,8,4,USD,Green
2024-09-01,2024,9,Sep 2024,Q3,Asia Pacific,Singapore,Professional Services,Implementation,7,258720.0,255528.87,-3191.13,-1.23,168168.0,173015.35,4847.35,2.88,90552.0,82513.52,-8038.48,35.0,32.29,16,2,4,USD,Amber
2024-09-01,2024,9,Sep 2024,Q3,Asia Pacific,Singapore,Hardware,Servers,10,211680.0,200448.21,-11231.79,-5.31,152409.6,148216.49,-4193.11,-2.75,59270.4,52231.72,-7038.68,28.0,26.06,25,1,5,USD,Red
2024-09-01,2024,9,Sep 2024,Q3,Middle East & Africa,South Africa,Cloud Solutions,Cloud Security,3,344960.0,357690.54,12730.54,3.69,179379.2,191796.17,12416.97,6.92,165580.8,165894.37,313.57,48.0,46.38,26,14,3,USD,Green
2024-09-01,2024,9,Sep 2024,Q3,Middle East & Africa,South Africa,Data & Analytics,AI Analytics,6,234080.0,216525.8,-17554.2,-7.5,135766.4,135800.08,33.68,0.02,98313.6,80725.72,-17587.88,42.0,37.28,11,11,1,USD,Red
2024-09-01,2024,9,Sep 2024,Q3,Middle East & Africa,South Africa,Professional Services,Training,11,176400.0,169045.48,-7354.52,-4.17,114660.0,116732.22,2072.22,1.81,61740.0,52313.26,-9426.74,35.0,30.95,18,8,4,USD,Red
2024-09-01,2024,9,Sep 2024,Q3,Middle East & Africa,South Africa,Hardware,Networking Equipment,8,141120.0,123779.05,-17340.95,-12.29,101606.4,99631.96,-1974.44,-1.94,39513.6,24147.09,-15366.51,28.0,19.51,26,9,0,USD,Red
2024-09-01,2024,9,Sep 2024,Q3,Latin America,Mexico,Cloud Solutions,Cloud Security,3,271040.0,289733.69,18693.69,6.9,140940.8,136670.76,-4270.04,-3.03,130099.2,153062.93,22963.73,48.0,52.83,24,2,1,USD,Green
2024-09-01,2024,9,Sep 2024,Q3,Latin America,Mexico,Data & Analytics,AI Analytics,2,197120.0,195447.78,-1672.22,-0.85,114329.6,111957.89,-2371.71,-2.07,82790.4,83489.89,699.49,42.0,42.72,23,10,5,USD,Amber
2024-09-01,2024,9,Sep 2024,Q3,Latin America,Mexico,Professional Services,Training,8,152880.0,139944.39,-12935.61,-8.46,99372.0,91106.04,-8265.96,-8.32,53508.0,48838.35,-4669.65,35.0,34.9,14,2,0,USD,Red
2024-09-01,2024,9,Sep 2024,Q3,Latin America,Mexico,Hardware,Servers,10,105840.0,106481.74,641.74,0.61,76204.8,79843.73,3638.93,4.78,29635.2,26638.01,-2997.19,28.0,25.02,20,10,5,USD,Amber
2024-10-01,2024,10,Oct 2024,Q4,North America,United States,Cloud Solutions,Cloud Storage,11,1066240.0,1026732.65,-39507.35,-3.71,554444.8,572030.48,17585.68,3.17,511795.2,454702.17,-57093.03,48.0,44.29,25,12,4,USD,Red
2024-10-01,2024,10,Oct 2024,Q4,North America,United States,Data & Analytics,BI Tools,6,777728.0,779657.43,1929.43,0.25,451082.24,454410.91,3328.67,0.74,326645.76,325246.52,-1399.24,42.0,41.72,7,7,0,USD,Amber
2024-10-01,2024,10,Oct 2024,Q4,North America,United States,Professional Services,Implementation,6,459648.0,486072.36,26424.36,5.75,298771.2,281898.24,-16872.96,-5.65,160876.8,204174.12,43297.32,35.0,42.0,15,6,3,USD,Green
2024-10-01,2024,10,Oct 2024,Q4,North America,United States,Hardware,Servers,9,357280.0,341189.77,-16090.23,-4.5,257241.6,255982.04,-1259.56,-0.49,100038.4,85207.73,-14830.67,28.0,24.97,7,12,5,USD,Red
2024-10-01,2024,10,Oct 2024,Q4,Europe,Netherlands,Cloud Solutions,Cloud Storage,3,777728.0,798376.52,20648.52,2.65,404418.56,406422.26,2003.7,0.5,373309.44,391954.26,18644.82,48.0,49.09,26,1,2,USD,Amber
2024-10-01,2024,10,Oct 2024,Q4,Europe,Netherlands,Data & Analytics,AI Analytics,5,602112.0,658243.47,56131.47,9.32,349224.96,365123.92,15898.96,4.55,252887.04,293119.55,40232.51,42.0,44.53,27,9,1,USD,Green
2024-10-01,2024,10,Oct 2024,Q4,Europe,Netherlands,Professional Services,Training,5,374976.0,394149.36,19173.36,5.11,243734.4,254285.88,10551.48,4.33,131241.6,139863.48,8621.88,35.0,35.48,18,13,3,USD,Green
2024-10-01,2024,10,Oct 2024,Q4,Europe,Netherlands,Hardware,Servers,2,258720.0,270147.68,11427.68,4.42,186278.4,196323.66,10045.26,5.39,72441.6,73824.02,1382.42,28.0,27.33,16,12,4,USD,Green
2024-10-01,2024,10,Oct 2024,Q4,Asia Pacific,Japan,Cloud Solutions,Cloud Storage,5,602112.0,578132.16,-23979.84,-3.98,313098.24,306294.23,-6804.01,-2.17,289013.76,271837.93,-17175.83,48.0,47.02,26,4,2,USD,Red
2024-10-01,2024,10,Oct 2024,Q4,Asia Pacific,Japan,Data & Analytics,AI Analytics,10,439040.0,446845.83,7805.83,1.78,254643.2,251228.28,-3414.92,-1.34,184396.8,195617.55,11220.75,42.0,43.78,7,3,2,USD,Amber
2024-10-01,2024,10,Oct 2024,Q4,Asia Pacific,Japan,Professional Services,Consulting,9,266112.0,271337.09,5225.09,1.96,172972.8,176189.82,3217.02,1.86,93139.2,95147.27,2008.07,35.0,35.07,25,9,5,USD,Amber
2024-10-01,2024,10,Oct 2024,Q4,Asia Pacific,Japan,Hardware,Networking Equipment,3,221760.0,208977.22,-12782.78,-5.76,159667.2,154642.51,-5024.69,-3.15,62092.8,54334.71,-7758.09,28.0,26.0,22,6,2,USD,Red
2024-10-01,2024,10,Oct 2024,Q4,Middle East & Africa,South Africa,Cloud Solutions,Cloud Security,11,351232.0,369495.62,18263.62,5.2,182640.64,192302.93,9662.29,5.29,168591.36,177192.69,8601.33,48.0,47.96,13,10,0,USD,Green
2024-10-01,2024,10,Oct 2024,Q4,Middle East & Africa,South Africa,Data & Analytics,AI Analytics,3,238336.0,245490.89,7154.89,3.0,138234.88,140299.93,2065.05,1.49,100101.12,105190.96,5089.84,42.0,42.85,13,3,2,USD,Green
2024-10-01,2024,10,Oct 2024,Q4,Middle East & Africa,South Africa,Professional Services,Training,4,181440.0,190065.12,8625.12,4.75,117936.0,121566.17,3630.17,3.08,63504.0,68498.95,4994.95,35.0,36.04,23,10,3,USD,Green
2024-10-01,2024,10,Oct 2024,Q4,Middle East & Africa,South Africa,Hardware,Networking Equipment,12,147840.0,154268.6,6428.6,4.35,106444.8,112007.76,5562.96,5.23,41395.2,42260.84,865.64,28.0,27.39,26,15,1,USD,Green
2024-10-01,2024,10,Oct 2024,Q4,Latin America,Brazil,Cloud Solutions,Cloud Storage,11,275968.0,276152.87,184.87,0.07,143503.36,147088.58,3585.22,2.5,132464.64,129064.29,-3400.35,48.0,46.74,18,1,2,USD,Amber
2024-10-01,2024,10,Oct 2024,Q4,Latin America,Brazil,Data & Analytics,BI Tools,10,200704.0,194813.52,-5890.48,-2.93,116408.32,116704.55,296.23,0.25,84295.68,78108.97,-6186.71,42.0,40.09,16,9,5,USD,Amber
2024-10-01,2024,10,Oct 2024,Q4,Latin America,Brazil,Professional Services,Consulting,9,157248.0,149584.91,-7663.09,-4.87,102211.2,104781.64,2570.44,2.51,55036.8,44803.27,-10233.53,35.0,29.95,26,8,1,USD,Red
2024-10-01,2024,10,Oct 2024,Q4,Latin America,Brazil,Hardware,Servers,6,110880.0,101115.94,-9764.06,-8.81,79833.6,77559.65,-2273.95,-2.85,31046.4,23556.29,-7490.11,28.0,23.3,11,1,2,USD,Red
2024-11-01,2024,11,Nov 2024,Q4,North America,United States,Cloud Solutions,Cloud Security,9,1094800.0,1078215.79,-16584.21,-1.51,569296.0,607802.1,38506.1,6.76,525504.0,470413.69,-55090.31,48.0,43.63,22,9,4,USD,Amber
2024-11-01,2024,11,Nov 2024,Q4,North America,United States,Data & Analytics,BI Tools,7,798560.0,772588.47,-25971.53,-3.25,463164.8,456710.52,-6454.28,-1.39,335395.2,315877.95,-19517.25,42.0,40.89,21,9,0,USD,Red
2024-11-01,2024,11,Nov 2024,Q4,North America,United States,Professional Services,Training,3,446880.0,433782.32,-13097.68,-2.93,290472.0,293410.51,2938.51,1.01,156408.0,140371.81,-16036.19,35.0,32.36,17,12,5,USD,Amber
2024-11-01,2024,11,Nov 2024,Q4,North America,United States,Hardware,Servers,6,363776.0,342815.63,-20960.37,-5.76,261918.72,293348.97,31430.25,12.0,101857.28,49466.66,-52390.62,28.0,14.43,18,6,0,USD,Red
2024-11-01,2024,11,Nov 2024,Q4,Europe,Netherlands,Cloud Solutions,SaaS Platform,11,798560.0,812195.96,13635.96,1.71,415251.2,403193.79,-12057.41,-2.9,383308.8,409002.17,25693.37,48.0,50.36,27,12,2,USD,Amber
2024-11-01,2024,11,Nov 2024,Q4,Europe,Netherlands,Data & Analytics,AI Analytics,4,618240.0,594245.0,-23995.0,-3.88,358579.2,348893.73,-9685.47,-2.7,259660.8,245351.27,-14309.53,42.0,41.29,23,13,1,USD,Red
2024-11-01,2024,11,Nov 2024,Q4,Europe,Netherlands,Professional Services,Implementation,6,364560.0,377906.93,13346.93,3.66,236964.0,225387.82,-11576.18,-4.89,127596.0,152519.11,24923.11,35.0,40.36,21,10,4,USD,Green
2024-11-01,2024,11,Nov 2024,Q4,Europe,Netherlands,Hardware,Servers,11,263424.0,255047.16,-8376.84,-3.18,189665.28,200258.9,10593.62,5.59,73758.72,54788.26,-18970.46,28.0,21.48,13,5,4,USD,Red
2024-11-01,2024,11,Nov 2024,Q4,Asia Pacific,Singapore,Cloud Solutions,SaaS Platform,2,618240.0,665102.95,46862.95,7.58,321484.8,337600.87,16116.07,5.01,296755.2,327502.08,30746.88,48.0,49.24,17,5,5,USD,Green
2024-11-01,2024,11,Nov 2024,Q4,Asia Pacific,Singapore,Data & Analytics,BI Tools,7,450800.0,450971.3,171.3,0.04,261464.0,256141.29,-5322.71,-2.04,189336.0,194830.01,5494.01,42.0,43.2,8,14,1,USD,Amber
2024-11-01,2024,11,Nov 2024,Q4,Asia Pacific,Singapore,Professional Services,Training,6,258720.0,254591.17,-4128.83,-1.6,168168.0,170493.55,2325.55,1.38,90552.0,84097.62,-6454.38,35.0,33.03,24,11,3,USD,Amber
2024-11-01,2024,11,Nov 2024,Q4,Asia Pacific,Singapore,Hardware,Networking Equipment,3,225792.0,209718.37,-16073.63,-7.12,162570.24,165308.0,2737.76,1.68,63221.76,44410.37,-18811.39,28.0,21.18,28,7,4,USD,Red
2024-11-01,2024,11,Nov 2024,Q4,Middle East & Africa,South Africa,Cloud Solutions,Cloud Security,7,360640.0,383374.44,22734.44,6.3,187532.8,184729.14,-2803.66,-1.5,173107.2,198645.3,25538.1,48.0,51.81,19,10,0,USD,Green
2024-11-01,2024,11,Nov 2024,Q4,Middle East & Africa,South Africa,Data & Analytics,AI Analytics,12,244720.0,279922.74,35202.74,14.38,141937.6,150330.55,8392.95,5.91,102782.4,129592.19,26809.79,42.0,46.3,24,12,2,USD,Green
2024-11-01,2024,11,Nov 2024,Q4,Middle East & Africa,South Africa,Professional Services,Implementation,5,176400.0,181181.08,4781.08,2.71,114660.0,110230.4,-4429.6,-3.86,61740.0,70950.68,9210.68,35.0,39.16,17,8,2,USD,Amber
2024-11-01,2024,11,Nov 2024,Q4,Middle East & Africa,South Africa,Hardware,Networking Equipment,4,150528.0,155908.5,5380.5,3.57,108380.16,104911.62,-3468.54,-3.2,42147.84,50996.88,8849.04,28.0,32.71,22,10,3,USD,Green
2024-11-01,2024,11,Nov 2024,Q4,Latin America,Mexico,Cloud Solutions,Cloud Security,9,283360.0,286594.68,3234.68,1.14,147347.2,145544.91,-1802.29,-1.22,136012.8,141049.77,5036.97,48.0,49.22,24,1,0,USD,Amber
2024-11-01,2024,11,Nov 2024,Q4,Latin America,Mexico,Data & Analytics,BI Tools,5,206080.0,207716.69,1636.69,0.79,119526.4,119589.8,63.4,0.05,86553.6,88126.89,1573.29,42.0,42.43,17,12,1,USD,Amber
2024-11-01,2024,11,Nov 2024,Q4,Latin America,Mexico,Professional Services,Training,3,152880.0,148426.7,-4453.3,-2.91,99372.0,107042.97,7670.97,7.72,53508.0,41383.73,-12124.27,35.0,27.88,12,11,2,USD,Amber
2024-11-01,2024,11,Nov 2024,Q4,Latin America,Mexico,Hardware,Networking Equipment,4,112896.0,122723.51,9827.51,8.7,81285.12,83663.91,2378.79,2.93,31610.88,39059.6,7448.72,28.0,31.83,24,1,3,USD,Green
2024-12-01,2024,12,Dec 2024,Q4,North America,Canada,Cloud Solutions,Cloud Security,3,1123360.0,1119215.87,-4144.13,-0.37,584147.2,567934.09,-16213.11,-2.78,539212.8,551281.78,12068.98,48.0,49.26,24,12,0,USD,Amber
2024-12-01,2024,12,Dec 2024,Q4,North America,Canada,Data & Analytics,BI Tools,5,819392.0,832097.87,12705.87,1.55,475247.36,482704.1,7456.74,1.57,344144.64,349393.77,5249.13,42.0,41.99,22,9,5,USD,Amber
2024-12-01,2024,12,Dec 2024,Q4,North America,Canada,Professional Services,Consulting,8,404320.0,445715.4,41395.4,10.24,262808.0,263753.55,945.55,0.36,141512.0,181961.85,40449.85,35.0,40.82,7,12,1,USD,Green
2024-12-01,2024,12,Dec 2024,Q4,North America,Canada,Hardware,Networking Equipment,3,350784.0,372963.12,22179.12,6.32,252564.48,256838.89,4274.41,1.69,98219.52,116124.23,17904.71,28.0,31.14,27,2,2,USD,Green
2024-12-01,2024,12,Dec 2024,Q4,Europe,France,Cloud Solutions,Cloud Storage,4,819392.0,882758.49,63366.49,7.73,426083.84,448372.75,22288.91,5.23,393308.16,434385.74,41077.58,48.0,49.21,28,11,5,USD,Green
2024-12-01,2024,12,Dec 2024,Q4,Europe,France,Data & Analytics,BI Tools,12,634368.0,685249.57,50881.57,8.02,367933.44,375828.22,7894.78,2.15,266434.56,309421.35,42986.79,42.0,45.15,23,3,3,USD,Green
2024-12-01,2024,12,Dec 2024,Q4,Europe,France,Professional Services,Consulting,8,329840.0,328341.12,-1498.88,-0.45,214396.0,202514.85,-11881.15,-5.54,115444.0,125826.27,10382.27,35.0,38.32,8,10,5,USD,Amber
2024-12-01,2024,12,Dec 2024,Q4,Europe,France,Hardware,Networking Equipment,4,254016.0,260692.18,6676.18,2.63,182891.52,180490.57,-2400.95,-1.31,71124.48,80201.61,9077.13,28.0,30.76,7,13,0,USD,Amber
2024-12-01,2024,12,Dec 2024,Q4,Asia Pacific,Singapore,Cloud Solutions,Cloud Security,4,634368.0,567718.49,-66649.51,-10.51,329871.36,352455.14,22583.78,6.85,304496.64,215263.35,-89233.29,48.0,37.92,14,4,2,USD,Red
2024-12-01,2024,12,Dec 2024,Q4,Asia Pacific,Singapore,Data & Analytics,AI Analytics,11,462560.0,497601.7,35041.7,7.58,268284.8,275165.45,6880.65,2.56,194275.2,222436.25,28161.05,42.0,44.7,23,5,5,USD,Green
2024-12-01,2024,12,Dec 2024,Q4,Asia Pacific,Singapore,Professional Services,Implementation,5,234080.0,248298.96,14218.96,6.07,152152.0,144866.49,-7285.51,-4.79,81928.0,103432.47,21504.47,35.0,41.66,13,9,4,USD,Green
2024-12-01,2024,12,Dec 2024,Q4,Asia Pacific,Singapore,Hardware,Servers,5,217728.0,219757.13,2029.13,0.93,156764.16,151515.86,-5248.3,-3.35,60963.84,68241.27,7277.43,28.0,31.05,5,8,3,USD,Amber
2024-12-01,2024,12,Dec 2024,Q4,Middle East & Africa,UAE,Cloud Solutions,SaaS Platform,2,370048.0,343939.96,-26108.04,-7.06,192424.96,192452.06,27.1,0.01,177623.04,151487.9,-26135.14,48.0,44.04,20,6,2,USD,Red
2024-12-01,2024,12,Dec 2024,Q4,Middle East & Africa,UAE,Data & Analytics,BI Tools,7,251104.0,231798.34,-19305.66,-7.69,145640.32,152906.04,7265.72,4.99,105463.68,78892.3,-26571.38,42.0,34.03,17,9,5,USD,Red
2024-12-01,2024,12,Dec 2024,Q4,Middle East & Africa,UAE,Professional Services,Implementation,3,159600.0,163097.15,3497.15,2.19,103740.0,93458.86,-10281.14,-9.91,55860.0,69638.29,13778.29,35.0,42.7,28,1,4,USD,Amber
2024-12-01,2024,12,Dec 2024,Q4,Middle East & Africa,UAE,Hardware,Servers,8,145152.0,152652.41,7500.41,5.17,104509.44,104761.71,252.27,0.24,40642.56,47890.7,7248.14,28.0,31.37,5,9,2,USD,Green
2024-12-01,2024,12,Dec 2024,Q4,Latin America,Mexico,Cloud Solutions,Cloud Storage,10,290752.0,291501.91,749.91,0.26,151191.04,148796.67,-2394.37,-1.58,139560.96,142705.24,3144.28,48.0,48.96,21,10,1,USD,Amber
2024-12-01,2024,12,Dec 2024,Q4,Latin America,Mexico,Data & Analytics,Data Integration,4,211456.0,218024.55,6568.55,3.11,122644.48,123642.61,998.13,0.81,88811.52,94381.94,5570.42,42.0,43.29,10,9,2,USD,Green
2024-12-01,2024,12,Dec 2024,Q4,Latin America,Mexico,Professional Services,Consulting,12,138320.0,127642.88,-10677.12,-7.72,89908.0,86753.23,-3154.77,-3.51,48412.0,40889.65,-7522.35,35.0,32.03,24,11,0,USD,Red
2024-12-01,2024,12,Dec 2024,Q4,Latin America,Mexico,Hardware,Networking Equipment,2,108864.0,106603.0,-2261.0,-2.08,78382.08,73570.29,-4811.79,-6.14,30481.92,33032.71,2550.79,28.0,30.99,11,4,0,USD,Amber
